Student_ID,Age,Gender,Sleep_Duration,Study_Hours,Physical_Activity,Dietary_Habits,Social_Media_Hours,Academic_Pressure,Financial_Stress,Family_History,CGPA,Depression,CGPA_copy,Useless_Column,Random_Noise
1549,23.0,Female,7.269188863273968,4.998320417003165,2.0358246455389137,Moderate,2.94903599582592,4.0,No,No,7.247356219286676,1,7.247157147698698,A,0.9503295681368317
1705,19.0,Male,6.055066196645526,8.115066988788536,4.736953578848324,Moderate,1.1209518456196128,4.0,No,No,7.687294482327498,0,7.6877963727071705,A,0.9866832362991309
1245,24.0,Male,6.489446372617314,6.240759199431833,,,2.313920446135627,3.0,No,No,8.265697576835503,0,8.265158777502855,A,0.7529489842999344
1553,26.0,Female,5.799583571832582,7.3638804328180845,4.6904147148184485,Moderate,2.244388120469731,1.0,Yes,No,7.779716702574767,0,7.777591104250236,A,0.8174558496046032
2165,23.0,male,6.703368645431913,2.689468436227384,,Moderate,4.856742794988662,5.0,Yes,No,5.928333324238019,1,5.927161712123685,A,0.21561601618686344
2050,19.0,Male,8.633985088063787,4.462905995643238,2.0009762790594054,Healthy,1.8066611154544436,2.0,No,No,7.995219355465289,0,7.996115684014032,A,0.9920122516586692
1902,18.0,Female,6.292554701067877,5.592714228547588,3.8077467804616236,Unhealthy,6.193528002306784,2.0,No,Yes,7.545237228942319,0,7.545712591525983,A,0.8799123525939663
1590,26.0,Female,5.821233501973953,1.225857206340851,1.7417158357312235,Healthy,5.287929367548257,4.0,No,No,6.200254012350154,1,6.199458254535207,A,0.7594798497934533
1102,19.0,Male,,3.8388711725269253,,Healthy,6.839688932405983,4.0,Yes,No,6.132002149614641,1,6.130662783038348,A,0.41883419997252813
1129,23.0,Female,,6.148933179089349,0.09187105949471208,Healthy,4.294695426456579,4.0,Yes,No,7.984322187784685,0,7.9835032042566345,A,0.9288434988343165
1421,27.0,Male,6.356760560867748,5.577152816307489,1.7911233320734625,Moderate,1.4868773271045392,4.0,Yes,Yes,6.741048290328941,1,6.742203370301139,A,0.8709155793938108
1978,23.0,Male,6.101397764193194,6.1461716082526845,3.4085001016924927,Healthy,2.573584393596071,4.0,Yes,No,7.566326935399194,0,7.565769516985211,A,0.14974052391208148
1211,20.0,Male,6.470843139475021,4.890172514024268,4.635707986707848,Moderate,5.316766067904441,1.0,No,Yes,7.167909519729352,0,7.1677831741264875,A,0.8226064972295486
2093,26.0,Male,6.898394592148321,5.354486423042301,1.6986135941050893,Unhealthy,6.024552790761003,5.0,Yes,No,6.674454298217254,1,6.675080738303316,A,0.6589986997482541
1542,18.0,Female,,5.061770030523766,4.163628450674864,Healthy,2.6122322037261756,5.0,No,No,7.284859815537096,1,7.284429190186911,A,0.08732439888282173
1416,24.0,Male,,3.4836966232155238,4.162843780276072,Healthy,5.800829388509959,1.0,Yes,No,7.107187894522507,1,7.10616018931881,A,0.8639692530521021
1870,18.0,Male,6.02370339051465,6.304641780747435,3.5669439390511104,Moderate,4.400281596049577,2.0,No,No,6.896383095798392,0,6.896027950103546,A,0.03036816110574947
1366,23.0,Male,7.24073789659071,3.1033544582341794,1.8666889218892073,Healthy,4.783371122222141,1.0,Yes,No,6.589406023986623,0,6.590831429908936,A,0.700575461161567
1900,24.0,Male,6.955625096736781,7.417865716201235,2.074530744367834,Unhealthy,5.489643251751817,4.0,No,No,7.007895445445941,1,7.008173005895496,A,0.8229945295667228
1329,19.0,Male,5.752951816801336,4.90502021043356,-0.5096221735610955,Moderate,5.036496171524957,2.0,Yes,Yes,7.120711300776103,1,7.120575763649354,A,0.7980837470871617
2132,24.0,Female,7.613290879461446,4.937304158186731,3.541501655447161,Moderate,3.402506831591473,2.0,No,Yes,7.730419581994737,1,7.730415862329649,A,0.10410770852874418
1324,27.0,Male,4.852396379737353,,2.3795921358833727,Healthy,2.4203592684513575,3.0,Yes,No,6.7945396979119845,1,6.7948290585366005,A,0.07611948671376045
2120,22.0,Female,6.832350410263238,6.965059539300425,2.0679082596793226,Healthy,5.691979227363124,4.0,No,No,7.47398373481007,0,7.474300688803976,A,0.48547693027849725
2140,23.0,Male,5.978360631532239,3.214274367967467,3.4025384820277838,Unhealthy,1.3578273758034816,2.0,No,No,6.515045520741022,0,6.512989811812244,A,0.393467801576563
1266,23.0,Male,7.394598687829979,4.936349284881338,1.3121647344302476,Moderate,2.8865909714938014,3.0,No,No,7.3956994515690795,1,7.3978112975045605,A,0.2080963558963842
1737,25.0,Male,5.834513113231464,3.475975205887667,2.3349451807093096,Moderate,1.8436319765248148,4.0,Yes,Yes,6.177494671002601,0,6.17589231573566,A,0.20512025140736734
1789,23.0,Male,4.368322044389247,5.627748611825576,3.133403311333928,Moderate,2.615542575810167,2.0,No,No,6.13068210489963,1,6.129213074942392,A,0.445872371441154
2168,21.0,Male,4.636991032039935,4.719862797793471,,Moderate,3.7532088641728603,2.0,Yes,Yes,7.177136304141573,0,7.175975403583145,A,0.28585728288301104
1050,25.0,Female,5.643735222355574,2.8379738003989194,2.304833079561906,Moderate,3.3257279233580372,2.0,No,No,6.982689192204042,1,6.984647091461998,A,0.2901911132443754
1044,21.0,Male,5.444588445609269,4.468118679122963,5.202122733997946,Moderate,2.628121330978506,1.0,Yes,No,6.9192082977010445,0,6.918232829462674,A,0.27187287313352193
1193,24.0,Female,6.048545475459843,1.851190486158134,2.7017525955316923,Unhealthy,3.306081951409144,1.0,No,No,6.203864820834012,0,6.203730985599909,A,0.37574691120675774
1876,23.0,Male,6.853511411070055,-1.0,1.5562910944783719,Moderate,3.4456025724398294,3.0,Yes,No,6.465117266834511,1,6.465483067567605,A,0.7079324249025358
1114,22.0,Female,8.44408437096326,5.317570676255896,3.9162615467050337,Healthy,0.8453021602381745,5.0,No,Yes,7.550343811079379,0,7.55194238169719,A,0.11049998314356813
1356,27.0,Male,4.178563117144259,3.370948170448779,3.5927597142232295,Healthy,0.9385896524038988,5.0,No,Yes,5.443339112060748,1,5.4435857152027305,A,0.42917749258587157
1611,26.0,Male,7.8434008169634994,5.1786858940494165,,Healthy,1.2775001718196137,3.0,No,Yes,7.5614808803802465,1,7.560381526873756,A,0.5834576378346484
1733,27.0,Female,4.638776705182334,6.992718216187596,2.6078681892404436,Moderate,3.9266116265323374,3.0,No,Yes,7.309886668332207,0,7.308965370516077,A,0.12593300431705234
2099,18.0,FEMALE,6.665846155223936,3.02745634169337,3.850455989375585,Moderate,1.5239798352488954,2.0,No,No,7.192442334883905,0,7.190531656186652,A,0.9191776913052113
1108,24.0,Male,8.239213761483564,4.350151015065468,3.7900470631568646,Healthy,4.578295612915295,2.0,Yes,Yes,7.766986587342374,1,7.767506311838408,A,0.6064421232348624
1989,20.0,Male,5.483907088539176,6.238506429955489,1.967321823593678,Moderate,2.586001447149992,5.0,Yes,Yes,6.887360878214235,1,6.887565041229559,A,0.3707517105896756
1156,24.0,Male,7.928496275952493,2.4327902604043112,3.4212815230882834,Healthy,3.8360099234917575,5.0,Yes,No,6.4102915923007,1,6.411558804907277,A,0.9505677780817237
1906,25.0,Male,6.264794842585981,3.772253596384423,1.7744870238868808,Unhealthy,2.410063649999825,4.0,No,No,6.331545864942951,0,6.332653009950605,A,0.4625924246406662
1712,23.0,Female,4.305925626270197,3.7142353943338553,,Healthy,4.4749310175566315,5.0,No,No,6.268820891824647,1,6.270078865263365,A,0.12469935076288585
1433,26.0,M,6.885019575589529,5.840493767348385,4.51749062055997,Moderate,6.8166664482765436,4.0,Yes,Yes,7.337286708547337,1,7.339207003452569,A,0.24774260390757807
2062,24.0,Female,6.781158032452277,5.562886217250104,3.5828275219188233,Unhealthy,0.3706944492504891,2.0,No,Yes,7.819083022612702,0,7.817342107728945,A,0.4346018032915837
1169,21.0,Female,7.551852324897824,5.367022888231025,7.267941592361458,Healthy,7.4027615005884515,2.0,No,Yes,7.316753775523638,0,7.3196217380579895,A,0.6775780125813058
1234,25.0,Female,6.281000188819686,5.430336677438907,1.4168493285664434,Unhealthy,2.4358335011695305,1.0,No,No,7.659429234957762,0,7.6608874739577395,A,0.7643565566803482
1615,24.0,Female,5.1542827447792945,4.08485170091433,-0.14985297858768387,Unhealthy,2.7730640345341633,5.0,Yes,No,7.040154313645273,0,7.040364999358742,A,0.25870816597535784
1922,23.0,M,7.4324875507890775,6.513649705601008,2.038476126018655,Moderate,2.9804452559432475,5.0,Yes,No,7.751923863814268,1,7.750837885430956,A,0.8086943602172022
1328,18.0,Male,6.472777669609224,3.4519516322576336,0.8797240145210208,Healthy,3.771845792101038,3.0,No,No,7.19942754066859,1,7.198644642949003,A,0.2708207378237415
1912,19.0,Female,4.956643955949451,3.3020203398845585,3.7688924901468424,Healthy,5.214465224183453,1.0,Yes,No,6.732619327706922,1,6.733125794861507,A,0.5418228220000308
2055,18.0,Male,5.7208844964678365,5.204903424519051,7.0969330637393275,Healthy,3.061578212999037,4.0,Yes,No,6.532367966053277,0,6.533449749720441,A,0.998101310965567
1886,25.0,FEMALE,5.152451541071445,5.278751866278373,3.010101801152433,Moderate,3.491569390136792,3.0,Yes,Yes,7.713329719086521,0,7.71325157408471,A,0.2376670815851868
1307,21.0,Female,,6.036593848800315,3.0263053525095875,Unhealthy,5.259688429633969,2.0,,Yes,7.34343588310482,0,7.344269429222885,A,0.9479674243626378
1045,18.0,Female,9.237959452731275,1.4417067079047285,,Healthy,4.267941003400977,4.0,Yes,No,6.645422599151498,0,6.645704846273265,A,0.2985613481742777
1291,26.0,male,8.26061750085085,4.968940453840649,3.137289658858292,Unhealthy,2.7727733869081232,4.0,Yes,Yes,7.5075562706902454,0,7.506629017045642,A,0.7884566196747949
1610,26.0,Female,8.547310109753166,4.123956000166988,1.880707869664426,Moderate,-2.1016406087397925,4.0,,Yes,7.279700987112637,0,7.279716896397603,A,0.4968748265061286
1064,27.0,Female,5.808023249319568,4.134727290277532,1.6108829394742616,Unhealthy,4.5552785269336145,2.0,Yes,No,6.9312313756347645,0,6.930184229268475,A,0.3949934589171552
1345,27.0,Male,8.897017013365716,5.453387327728192,1.439098717737743,Healthy,0.9217165561108507,1.0,Yes,Yes,8.857164950157369,0,8.857299541886821,A,0.5073505036301726
2094,21.0,Female,6.796019779532893,3.5852601134459157,3.1057443435317458,Healthy,3.1412461407186214,3.0,No,Yes,6.980661080663716,0,6.979936543229698,A,0.3615142615058172
1983,23.0,Female,5.368784102562391,5.384951571622294,-1.0410039265387319,Moderate,0.4393045227420851,2.0,Yes,Yes,7.589543740004173,0,7.588779491860189,A,0.785506399766325
1581,18.0,Male,,4.801848180780312,5.130041876680656,Healthy,3.3940899247289447,1.0,No,No,7.773217979019501,0,7.7742692658846755,A,0.571693263542767
1729,22.0,Male,5.135692902307479,6.406065450379472,1.701452728677352,Healthy,4.461166377262845,,Yes,No,7.07946217370717,1,7.081052039878995,A,0.1941874475779376
1923,22.0,Female,6.385657055583279,2.9616841311154767,5.540649361143739,Moderate,0.669059438746022,4.0,No,No,6.393968795956593,0,6.39357698057406,A,0.14677575448863045
2133,25.0,Male,9.587020924363676,6.505214436316496,4.074293609569013,Healthy,4.730082984692131,4.0,Yes,No,8.376053779229894,0,8.374901584783018,A,0.16018395702689214
1778,19.0,Male,6.613792231676451,9.547643622665952,4.682676226476882,Moderate,2.2123680474285674,3.0,No,No,9.040610606104053,1,9.041458527858136,A,0.6662324405631974
1740,26.0,Male,6.343968726201812,6.578966626423342,2.107908984339005,Moderate,3.9865578673478557,3.0,Yes,No,8.145597853742643,0,8.14566346601986,A,0.7159462861832028
1539,23.0,Male,6.669703368008653,6.5318334338287,1.8328142372091123,Moderate,-0.7899707007761716,1.0,Yes,No,8.17974088853554,0,8.178722738600536,A,0.17737406562895475
1869,22.0,Male,7.291381057102275,3.387067429667938,3.7932412400769193,Healthy,1.6338272448124207,4.0,,No,6.855780122847676,0,6.854421877774782,A,0.9812064690993978
1077,21.0,Female,8.032376998637652,5.105169738099825,0.6662408825025974,Moderate,1.2371195924592744,5.0,No,Yes,7.933248887123251,0,7.9335196627335165,A,0.9413257368665511
1766,25.0,Female,7.378913371715406,5.554558888458695,0.34319274241220565,Healthy,1.1702808805679512,3.0,No,No,7.564945931266568,0,7.56577497433159,A,0.8239030086174305
1933,20.0,Female,7.544987324439966,5.6633330930548995,2.2822072578633508,Moderate,5.085841549141222,5.0,No,No,7.624386932897964,0,7.625840471029221,A,0.8354678442263802
2119,25.0,Female,7.825928586749271,6.462127722629872,2.0651562248307975,Moderate,1.966180604741006,1.0,Yes,Yes,8.24216338841024,0,8.241344312082377,A,0.866225117258504
1079,23.0,Male,8.520303451445628,3.5425718404805604,2.864521484617305,Healthy,0.2797991643073714,5.0,Yes,Yes,7.279220485766303,0,7.2785460407869165,A,0.3903998462257746
1595,21.0,Male,5.263139561681192,,4.578634519198756,Healthy,5.828510994511385,2.0,No,No,7.2985668485547786,1,7.297302884512214,A,0.7047708679098876
1495,20.0,Male,7.4021557590025475,4.490592461590147,3.8831034343217192,Healthy,5.769237565251343,1.0,No,No,7.381866266356688,0,7.381856751171205,A,0.7369236472772692
1494,24.0,Male,4.388221150765441,5.189247794646462,4.070190693666731,Moderate,2.6350151598051275,3.0,No,No,6.830969862789761,0,6.83009562341211,A,5.0627027428640226e-05
1755,23.0,Female,6.119255929697071,,1.5784704965412366,Healthy,4.122617387662406,,Yes,No,6.658215089538534,1,6.658027179403983,A,0.3782076092449266
1244,24.0,Male,7.282097769683648,4.705252369402839,3.2386443632835085,,-0.49436541707521364,2.0,Yes,Yes,8.185317633928772,0,8.185004186939311,A,0.1245816648965784
1951,18.0,Male,7.087260726726091,6.631181930222697,3.136940658263182,Moderate,4.789331706010613,5.0,No,No,8.100746486075897,0,8.10177431766433,A,0.7394100938607588
2014,21.0,Male,7.109274141965903,,-0.6575061206694333,Unhealthy,4.712097307402068,2.0,No,No,7.228061722670648,0,7.226588897572179,A,0.8159099706990691
2064,25.0,Female,7.1951383655851195,5.7876439609588965,4.180626663147306,Healthy,1.7054635872667063,2.0,No,No,8.165901704083279,0,8.1678825904837,A,0.038601604701056225
1544,19.0,Male,6.8117694281666115,5.030055936299467,4.9147063241713935,Moderate,2.3852751341134795,4.0,No,No,7.718840711859924,0,7.719085171459192,A,0.806659130936897
1071,25.0,Male,6.892411842547178,4.636071428899589,2.74282525276831,Healthy,3.739747996254021,3.0,No,No,7.357230575813909,1,7.356743948676764,A,0.9994776140287939
1543,19.0,Male,5.9558740419576885,6.7138838341851725,-0.627921424043572,Unhealthy,1.8088975232613393,4.0,No,No,7.709605593579196,1,7.710369893700728,A,0.8230467807774929
1024,27.0,Female,6.938436490476521,6.002833014885104,3.3048104000908576,Moderate,5.870886282013257,2.0,Yes,No,7.517213934482043,0,7.516706664243234,A,0.4939700150961598
1808,19.0,Male,6.131963254608875,6.032917551468332,2.1151780026692917,Unhealthy,2.447637037391463,1.0,No,Yes,7.727957319334222,0,7.728969615067391,A,0.06147564434405195
2174,19.0,Male,7.501430656842869,4.497601944089589,,Healthy,5.100209691942429,4.0,No,No,7.1770731229270375,0,7.176805787725658,A,0.7863186854547586
1059,25.0,Female,6.99317909228105,7.324835849193689,1.6748622658685464,Unhealthy,5.904193728405646,1.0,No,No,8.195786299967244,0,8.195647519814676,A,0.4579650576825216
2025,26.0,Male,8.913111334880616,2.6761142354836345,0.44004404049858303,Moderate,3.8200447872058385,3.0,Yes,No,6.894409143678172,0,6.895061673850871,A,0.7256322903000096
1949,27.0,Female,7.593485653482736,,4.908358292658146,Moderate,1.145072095702312,1.0,No,No,7.698504709856547,0,7.69806469809059,A,0.6672882617310237
2121,18.0,Male,7.050270963454603,6.311513642669581,2.026315317542614,Moderate,3.048228197614989,1.0,No,Yes,8.20310531203304,0,8.202240918813384,A,0.5074421679483215
1627,21.0,Male,4.509997321301306,5.9610936653043805,4.5048088044266255,Unhealthy,4.063896256156454,3.0,No,No,6.917177848167575,1,6.919582957634899,A,0.31990002960233843
1082,22.0,Female,6.581583951261306,8.905439448125616,0.7840383685240018,Healthy,2.8274979006428573,1.0,Yes,Yes,8.638820684408044,0,8.638195108042659,A,0.7169449061792978
1372,24.0,Male,5.348686696229758,4.3958255883406405,3.3129743728100536,Unhealthy,4.020031032547956,1.0,Yes,No,7.048769208140928,0,7.04844127330814,A,0.005811495167750702
2036,25.0,Female,5.523931505183988,4.258490074725959,5.835688489911678,Unhealthy,5.599650713524283,4.0,Yes,Yes,6.162805706401583,1,6.162817396808248,A,0.5157670498747804
1175,24.0,Female,9.752894632661992,5.921660184338712,,Moderate,1.7377932132634164,2.0,Yes,No,8.953370129540229,0,8.95511345966822,A,0.3470175468825175
1304,26.0,Male,4.867689960452807,4.592935260602413,5.496349877246457,Unhealthy,2.127640458691728,4.0,Yes,Yes,7.550097652216814,0,7.550036971900105,A,0.9957226985969202
1807,23.0,Male,6.216998907422982,6.596314233287013,0.6679348903802205,,3.593825186869129,3.0,No,Yes,7.64868358508488,1,7.6496483783212454,A,0.8141313223715929
1523,19.0,Female,5.8540205565661045,5.767270552878787,1.7725949416223132,Moderate,4.745815848579743,4.0,Yes,Yes,6.661917848391013,1,6.660013199605509,A,0.11099136577511037
2049,24.0,Male,8.050023758790408,5.1941143053438035,2.365975522721509,Unhealthy,4.332511800575248,3.0,Yes,No,7.44764862664527,0,7.446810136689148,A,0.9253359592438786
1882,26.0,Male,5.306797869805857,5.505435014090286,,,2.7682345636865957,1.0,Yes,No,6.509385029860708,0,6.511225795662942,A,0.17792481672688487
1171,19.0,Female,6.994365898552105,4.737547944928733,3.106492073137422,Moderate,1.7020881933621732,1.0,Yes,No,8.005513027734246,0,8.005649819490328,A,0.9315586878189176
2180,18.0,Female,6.273696640392788,5.606817789629235,2.882440457811356,Moderate,2.3517514855613757,4.0,No,No,7.291986833153209,0,7.2916423579005265,A,0.7684864802628129
2071,24.0,Male,5.391824264080036,3.0811190417371,3.469854791062076,Moderate,2.683824952548258,1.0,No,No,6.552860972240447,0,6.552280344741181,A,0.343352345166426
1052,19.0,Male,4.846388867782561,7.035144736195945,4.29263774130505,Healthy,-0.8229748557990408,5.0,Yes,Yes,7.975796524784007,0,7.975689021938677,A,0.854886347775255
1483,20.0,Male,,4.148416785120948,2.752098044966345,Unhealthy,4.1536094853758225,4.0,No,No,7.111742933672654,1,7.1115564635960355,A,0.1853906942934196
2056,27.0,Female,4.7173255961227145,6.842591552501577,,Moderate,4.253173431304951,1.0,No,No,7.623966061399101,0,7.622919905770616,A,0.9332288544617742
1591,26.0,Female,7.819029866657376,1.8077456870212822,1.972135789231464,Unhealthy,-1.2224188365061144,1.0,Yes,No,7.610368401752206,0,7.611643447870412,A,0.5198750528891809
2067,27.0,FEMALE,7.082098120476956,2.5924160314941145,0.3601366920653324,Moderate,4.272673305174419,2.0,No,Yes,6.293453791445576,0,6.294205374634721,A,0.0027936265412819017
1901,18.0,Female,6.1291731617645,4.264306758959434,4.479261071836068,Moderate,2.8136844328264927,1.0,No,No,7.298125971306058,1,7.29853356836148,A,0.6306183036301293
1124,22.0,Female,6.4721195469795605,6.27193811519555,3.641221563181258,,3.279835639864458,3.0,Yes,Yes,7.4900183073744495,1,7.4895818182831455,A,0.6952558530293419
1210,25.0,Male,4.573674503440919,5.2743720951930575,3.819133846247143,Unhealthy,-0.7089521048237626,1.0,No,No,7.557968054907937,0,7.5595861057489895,A,0.8627760494914616
1816,26.0,Male,7.086402229360768,5.5700349485729195,1.0134266878846674,Unhealthy,2.8848258198685826,5.0,Yes,No,7.3318600044526026,0,7.3318131177533035,A,0.6134505036831875
1055,22.0,Female,5.065569230842277,5.92435309482997,3.522304523917228,Moderate,2.4349035814538667,2.0,Yes,No,7.085346824240874,1,7.085131832470685,A,0.9586566916295705
1732,22.0,Male,5.802087278862074,,,Moderate,2.6900667096687765,3.0,No,No,6.692136788507443,1,6.691741727893931,A,0.10460867501667936
1364,26.0,Female,6.295533891972666,4.745673926449334,0.8673568964293268,Moderate,2.571578898816217,4.0,No,No,6.372796173066568,1,6.374741645014683,A,0.06291569389024199
1718,22.0,Male,8.206527619908268,3.3367955375929412,-0.8088118762434955,Moderate,2.27446705018894,3.0,Yes,No,6.97912153054024,0,6.980583847673527,A,0.9044345141637322
1057,23.0,Male,6.446676598754775,2.208209473241666,3.4924109431215458,Moderate,0.35425647100715674,4.0,Yes,Yes,6.601438019359419,1,6.60190990650993,A,0.6750396068442571
1087,18.0,Female,7.660759083011326,4.197369269934932,5.14429796185266,Healthy,3.897544561053322,3.0,Yes,No,6.7763110499878305,0,6.777295572960825,A,0.42890097230122515
1514,26.0,Female,6.937430045591363,4.194209308979873,2.278625000738789,Moderate,2.4206291216580995,2.0,,No,7.828381260634806,0,7.828181830621487,A,0.9102930946686671
1799,21.0,Male,6.174927647514875,5.83219478258797,2.4454488821868376,Unhealthy,4.814490473149066,1.0,Yes,No,8.277224129642608,1,8.276293886257601,A,0.12074233720784622
1110,25.0,Female,6.9476627821210135,5.876253610028435,0.10111646858908419,Unhealthy,4.495122385571697,5.0,,No,7.2152513740280355,1,7.215018710534981,A,0.6155820061593616
1955,25.0,Female,6.7581177629828435,6.702912097479783,2.566641178721013,Unhealthy,4.694487510882621,5.0,No,No,8.524157715460763,0,8.523441234070642,A,0.8179158769287559
2193,19.0,Female,6.680097356414029,4.682680095379207,,Unhealthy,3.266325237764626,3.0,Yes,Yes,7.557056010448778,0,7.554841314193493,A,0.4516738317704446
1840,27.0,Male,6.802225298354006,,5.320634229197415,Healthy,0.7778958963732991,4.0,Yes,No,7.657421938106426,0,7.6562108375161655,A,0.08613484480655365
1573,20.0,Male,4.85799884293866,2.3495571528049184,5.074308358561101,Unhealthy,1.7635287002489082,3.0,No,Yes,6.500128450087877,0,6.499679554620994,A,0.043207680416432526
1937,19.0,Female,6.807990476854714,5.825380614550549,0.7679148841022205,Moderate,4.367562551432657,5.0,No,No,7.147926709691203,1,7.146353295037792,A,0.8134258038577272
1424,23.0,Male,7.63131896147033,4.915338354669339,3.659885950031496,Moderate,2.534352637364657,2.0,Yes,No,7.436934989290895,0,7.4375243692405615,A,0.9437829678203432
1905,22.0,Female,7.136832725629679,4.530436571110692,6.640001638097054,Unhealthy,2.8925967349910486,5.0,No,Yes,6.588112455908244,1,6.587083534283762,A,0.6965392849047252
1863,19.0,Male,7.178184054571723,3.628135582508973,3.255977912625077,Moderate,4.890960569831702,1.0,Yes,Yes,7.976062219936675,1,7.975612236925046,A,0.45757738179969853
1963,26.0,Male,9.147830368568481,5.8778712970382845,,Moderate,5.443207651199652,1.0,No,No,8.317369710097742,0,8.316944100354215,A,0.8862104055106454
2095,21.0,Female,7.801503669756614,4.658351681627986,2.0684823677889383,Unhealthy,2.269843261476893,1.0,No,No,8.141961472481965,0,8.14090385208734,A,0.9297648443806453
1429,18.0,Male,,3.8213055959258404,2.542616743591257,Moderate,1.1923778529656326,4.0,No,Yes,7.313594651837425,1,7.314811993118832,A,0.7191842870915515
1430,25.0,Male,5.624507367037224,4.225553604707737,1.9645056312333362,Healthy,1.3041861206686103,1.0,No,No,7.8309598210285225,0,7.830290374251995,A,0.21788530817716523
1637,20.0,Female,6.452352461183627,6.873534045310242,1.786351099207638,Healthy,2.8628477903568914,4.0,No,Yes,7.873548902270294,1,7.87395715609884,A,0.27627539743199225
1425,22.0,Female,5.318006086730669,4.134952266608747,4.794941803480516,Unhealthy,3.0624709208558203,5.0,No,No,6.343437135711108,0,6.3443310840329135,A,0.5508930191635677
1786,23.0,Female,8.901155721908184,5.358723926950191,3.7786544969352325,Unhealthy,3.827694551636688,4.0,Yes,No,8.49313809524174,0,8.493265260803025,A,0.17210296511416656
2102,22.0,Male,7.447239866803646,8.095841803485001,4.328528480479099,Moderate,3.2290346081518506,1.0,No,Yes,8.723500726705339,0,8.723501068594418,A,0.16005319927114237
1677,23.0,Male,,6.889558779320609,3.0467022794174663,Moderate,4.048943593184578,2.0,No,Yes,7.633965541745717,1,7.633294305934619,A,0.4818928311694448
1708,23.0,Male,5.825832147769292,5.3116258964211855,1.3759397665697763,Moderate,1.5846849810255312,5.0,Yes,No,6.955652343126114,1,6.956609661501027,A,0.48142075018551944
1833,22.0,Male,6.864604910765076,3.0473303938797347,3.098974952877369,Healthy,6.727948678589907,4.0,No,No,6.315328718610054,0,6.31444025394632,A,0.21928195117018712
1378,25.0,Female,7.507907126159358,5.971361154592529,2.5434890926231173,Healthy,2.8884590165379307,4.0,No,Yes,8.0727052266143,0,8.07180109282603,A,0.03243473984939693
1295,23.0,male,8.642382073069673,4.730089868175041,2.387740236016569,Healthy,6.2549383700887,3.0,No,No,7.064369378864636,0,7.065837425393251,A,0.3525379020024927
1773,18.0,Female,6.460046312579675,6.898662387749834,3.2273847672292844,Healthy,2.271258601784674,5.0,No,No,8.688261923862632,0,8.688991549854551,A,0.5027962963912317
2005,19.0,Male,5.61394810294747,5.4546528274254955,3.9632294284488943,Healthy,3.647686199316402,4.0,No,Yes,6.575231360670223,0,6.5726948153112374,A,0.22073474766543577
2042,26.0,Female,6.1467827317673,3.1285583012843112,3.2844607485335824,Moderate,5.897335902656939,4.0,Yes,No,5.774746397498235,0,5.775306890203333,A,0.10234684795578419
1530,27.0,Male,5.861747007268691,,1.2225521875736791,Unhealthy,7.668386403724754,5.0,No,No,6.227580642144269,0,6.227880409864703,A,0.3369215796131525
1946,19.0,Male,6.753663770057921,4.334147545371866,3.908287807836465,Healthy,2.595482842416021,2.0,No,No,7.6506597014323425,0,7.649804996929703,A,0.983674629066707
1439,18.0,Male,8.017447771205644,6.311416518378596,3.4099818848053114,Healthy,4.232918201979015,4.0,No,Yes,7.908409401422503,1,7.9088888702266935,A,0.45528497258091805
1287,19.0,M,6.109345986176562,3.4139198830050814,3.886659771645835,Healthy,2.4637650342864417,3.0,No,No,7.393269952349119,0,7.392081606273001,A,0.22712220525231563
2075,22.0,Male,5.41699219226805,4.573851491958825,2.292210528417871,Moderate,2.292063695360138,1.0,Yes,Yes,7.463812222305431,1,7.46476050167965,A,0.6445773019008013
1414,19.0,male,7.734537103694612,4.304299337972848,2.6192436583117003,Moderate,6.72671749603912,1.0,Yes,No,6.767854918218751,1,6.76769764157562,A,0.4548274019537464
1962,22.0,Male,6.731817895775838,5.42585900176321,1.2190153364065883,Moderate,1.07979737239668,5.0,Yes,No,6.963878415286507,0,6.9636078155749335,A,0.3864827029944141
1880,24.0,Male,5.583872819227207,5.38736928049584,1.469605061822369,Unhealthy,3.241208057102238,1.0,No,No,7.567825495349854,0,7.567207639237392,A,0.37299052402161037
1909,21.0,Male,4.126701125159446,4.7337837693596185,5.678431122931959,Unhealthy,-1.7915376068831907,2.0,No,Yes,7.360259452497633,1,7.361824267109505,A,0.006703619926124449
1662,25.0,Male,7.308553272401309,,3.6281967423008217,Moderate,4.590032947965826,2.0,No,No,7.369457139127822,0,7.36892586594587,A,0.30109762945813845
1383,27.0,Female,4.363114270923836,6.569078376571849,,Moderate,2.545366731615836,4.0,Yes,Yes,7.114672766869272,0,7.114127675024906,A,0.404065214453321
1411,19.0,Female,4.755680864082043,4.358653453111812,1.997492447467946,Unhealthy,3.0160773715992577,1.0,No,Yes,6.860718372205932,1,6.861488489597945,A,0.8836308531155703
2153,22.0,Female,6.154057450247217,5.669691531867781,4.302872906600869,Unhealthy,-0.03275310391642483,,Yes,Yes,7.660541990403852,0,7.659785657983158,A,0.05858307015644004
1011,23.0,Female,6.398179362005588,4.467954045560484,2.0874487561439725,Moderate,8.77468964504969,3.0,No,No,6.146244551013701,0,6.145694481904387,A,0.32242233719791746
1148,20.0,Female,7.465484361901804,7.56015146062846,4.002296765336446,Healthy,4.399239112928154,2.0,,Yes,8.40998279699758,0,8.408860370459882,A,0.9713240007093817
2000,23.0,Male,7.2601058492328185,3.6075138038164587,2.658798558588994,Healthy,2.6534521748581357,3.0,,No,7.136653385990438,0,7.1350524412197105,A,0.1535271230427352
1967,24.0,Male,6.61760229691926,5.028486779960162,4.3628802024197215,Healthy,4.367160742373795,5.0,Yes,No,6.837385930769743,0,6.838393397503409,A,0.35590175481480335
1454,18.0,Female,4.36761603280871,6.169804418784165,4.451325623986703,Unhealthy,3.6935687126522843,5.0,No,Yes,7.603438324468289,1,7.601833146321081,A,0.9335338871257884
2161,23.0,Female,3.639933556451166,3.6193163656260503,3.370653847245631,Unhealthy,3.6835371761303293,1.0,No,No,6.534292540513283,0,6.534283582616886,A,0.6700465318131316
1959,27.0,Female,5.529048818070752,5.248273193025144,2.793176716586646,Moderate,0.833519613188185,1.0,Yes,No,7.212807746421904,0,7.213591077890923,A,0.5167714317696186
1567,20.0,Female,6.390954884448845,3.880825275585911,4.525766021430308,Moderate,4.752732528176398,1.0,No,Yes,7.564185343277285,1,7.563268024349566,A,0.30917930565072504
2073,25.0,Male,6.453081294540136,4.022938564898672,-1.7154994530371157,Moderate,1.9078520832343833,5.0,Yes,Yes,7.187508952392767,1,7.1851268629705105,A,0.7436000955498389
1515,27.0,Female,5.628781882758828,3.7530712460733855,2.4065346688109983,Moderate,3.597053841686269,1.0,Yes,No,7.160215584441175,0,7.159596063797488,A,0.13796665634603278
1728,18.0,Male,5.5601841659417985,4.002407419457565,0.6392116041961717,Moderate,2.246906874691338,5.0,Yes,Yes,6.434696925503294,0,6.433523354504744,A,0.8277147916094866
1271,20.0,Female,6.78433833385514,,5.146648748383946,Moderate,1.88152210551448,2.0,No,No,8.274673500693165,0,8.27529396305281,A,0.7235715638162128
1276,22.0,Male,7.8450087816838,4.122217326609483,2.7456204412540646,Moderate,4.370070989651376,5.0,Yes,No,6.571295528029476,0,6.570162123729443,A,0.9676985979824018
1678,18.0,Female,6.51318261623303,25.0,1.727212536971038,Healthy,3.1467545026166808,4.0,Yes,Yes,7.348073501347522,1,7.347324918477231,A,0.9817263141511197
1629,23.0,Female,6.8286108779701475,4.911436674042417,3.8644337875773163,Healthy,1.180193171313165,3.0,No,No,7.246802998408324,0,7.248481607652712,A,0.6216069621477621
1278,25.0,Male,6.93271001318821,4.868140268946178,2.8681088858701536,Moderate,2.984938270105998,3.0,No,No,6.433023749583864,1,6.433308159268846,A,0.5980551753640352
1803,23.0,Male,30.0,3.6859108038341324,3.6724645586345686,Moderate,5.651803822151047,4.0,Yes,No,7.104543304442037,0,7.103811411486091,A,0.48424760347356155
1136,21.0,Female,5.341578566229484,6.847812701433955,1.1598468981725456,Moderate,3.143092913564609,1.0,No,No,8.12295103067563,0,8.12448601387677,A,0.2600053809449093
1209,20.0,Male,6.98582610516285,,3.630543188763936,Moderate,1.7804835896148545,3.0,Yes,No,8.490346777539406,1,8.490112105348924,A,0.6208969013905683
1221,19.0,Female,4.397481712727634,5.6903279591525955,5.737318526710673,Healthy,4.779007934180735,3.0,Yes,No,6.846796157811667,1,6.846083013310621,A,0.9016903038374416
1958,24.0,Female,6.553060403480219,,3.4775388398621003,Healthy,3.1660780802577193,4.0,Yes,Yes,6.986536861956846,0,6.985333350322639,A,0.8510465393314273
1401,27.0,Male,5.3717345492891395,4.1869941447110435,2.6407934023255146,Unhealthy,3.054443816740717,3.0,No,No,7.171326662887785,0,7.170964293853221,A,0.3401441688814204
1486,20.0,Female,5.667033726625201,6.463976075441078,3.091522283121308,Unhealthy,2.911824321490287,5.0,No,No,6.4222080611051116,1,6.423044662305558,A,0.557528089864361
1159,23.0,Male,6.473302646180947,4.679304707225066,4.402663141534176,Healthy,1.4829379100083004,3.0,No,Yes,7.816952540804325,0,7.818045199559963,A,0.9656855561505012
1141,27.0,Female,,6.826587781176705,3.783540320751703,Unhealthy,0.3913653348276309,4.0,Yes,No,8.054466906708242,0,8.053433043025569,A,0.7594513422601925
1199,21.0,Male,4.420149076149221,6.992234931343695,3.454572424399075,Healthy,-0.7522903547773199,3.0,No,No,7.6610534219360895,0,7.659281159377582,A,0.9518654775539227
1293,27.0,Male,9.259506911644783,5.402244171432974,1.2762610641920462,Healthy,4.556253351949781,3.0,No,No,7.5367421978187,1,7.535777226160612,A,0.5291472368374629
1197,21.0,Female,6.0466321606900735,5.538434660977207,2.333817818451727,Moderate,2.963107988088905,2.0,No,No,8.100445036896847,0,8.101237316392298,A,0.2676550519801758
1769,19.0,Female,5.464177205186868,5.07774814848927,5.292841221440797,Unhealthy,2.3812883912318616,1.0,Yes,No,7.6047199033356305,0,7.605052128664647,A,0.9702231751803647
1248,22.0,Female,9.175678209691458,6.235581390565688,2.5426982055098892,Unhealthy,3.4125291026115114,5.0,Yes,No,8.448300625512864,0,8.447800777515337,A,0.9751133193791509
1655,23.0,Male,7.080778752741832,5.567958985757054,5.578663605034393,Healthy,5.186202340717099,4.0,No,No,8.174413311548768,0,8.175579851750063,A,0.3691301735538661
1917,23.0,Female,6.988716672482562,7.615432800937348,3.3235480708289282,Moderate,3.020564127650363,5.0,No,Yes,8.22213100801525,1,8.222646664061356,A,0.019892506610151628
1498,21.0,Male,5.179837335530833,5.949302485335932,4.59526339267729,Unhealthy,4.621164749139792,5.0,Yes,Yes,7.4165516784383305,1,7.416490988237399,A,0.0015105564286171935
1562,18.0,Male,6.617124790994528,6.347832920213924,2.86763182456035,Moderate,5.251997068161923,4.0,Yes,No,7.519240887094451,0,7.519568627127736,A,0.9364372389284052
1297,26.0,Female,7.655552687899338,3.4875366705886073,1.1779975090371577,Moderate,2.572169450870496,2.0,No,No,7.447739806513613,0,7.446526190146173,A,0.7183819195727064
1448,27.0,Female,6.19715105001862,4.453357372903638,3.3846883662877993,Moderate,5.673938679559737,5.0,No,No,6.261661988209222,1,6.261860027369463,A,0.1408916332050889
1359,18.0,Female,6.219049355260505,2.398082754594207,1.3475672556386071,Healthy,3.20152663459988,5.0,Yes,No,5.760191342980415,0,5.759131178108621,A,0.668779605564366
1650,26.0,Male,,5.177996254585994,2.8003853369830995,,1.835370080487372,5.0,No,Yes,6.727560809573151,0,6.7263011212665,A,0.03729867018394051
1185,22.0,Male,7.5991163627355185,2.397535876931851,1.9096125616047648,Moderate,2.524141751675879,3.0,Yes,No,6.0849713875271965,0,6.085235725995575,A,0.13753361884598403
1267,22.0,Female,6.17488624381063,5.13523524150136,1.5487648839371482,Unhealthy,0.06481627995107875,3.0,Yes,No,7.295836881516803,0,7.296162042269844,A,0.7083078546543606
1788,24.0,Male,6.7944452107943984,3.6365034582294236,1.2781456872149866,,4.9982774085888195,3.0,No,No,6.970015103517479,1,6.969782942282803,A,0.7292035811756206
1164,22.0,Male,4.59332292298553,4.442873395876897,3.9485642888486976,Unhealthy,1.9921155701492064,5.0,Yes,No,6.476967791778954,1,6.477356570165951,A,0.782263847290607
1434,19.0,Female,6.786320949114132,,2.6314188395067015,Moderate,2.189210451913464,1.0,No,No,7.802824778859267,0,7.801857620342591,A,0.11108564926160291
1984,24.0,Female,7.623883227028145,5.266386675385388,4.864245575802361,Moderate,2.6396169426795018,5.0,Yes,No,8.565985643071421,0,8.566075403946641,A,0.9357161605849783
1157,19.0,Male,5.587389382314362,4.677133315135768,3.0693049137224304,Unhealthy,4.830639251552744,5.0,No,No,6.195614016460553,1,6.195290776980914,A,0.09992304463514046
1487,21.0,Male,5.892076764834556,-1.0,4.334120184786788,Unhealthy,5.674870008327265,5.0,No,No,6.3057282862724,0,6.305847050069233,A,0.30820280583985693
1368,21.0,M,6.871269884188334,3.0470981447547434,,Unhealthy,-0.171270529685156,3.0,Yes,No,6.9258864032811225,0,6.926231906330613,A,0.8613891271035612
1362,26.0,Male,7.794654846835686,4.443934423290343,4.332536287251975,Healthy,5.826978481294226,3.0,No,No,7.329617055026766,1,7.331335443989045,A,0.34807119491327554
1241,19.0,Female,5.803218316705299,6.768431867887473,4.474374309692642,Moderate,1.047069653778162,3.0,Yes,No,8.135588615726133,1,8.13447988959184,A,0.7192562195164937
1200,27.0,FEMALE,7.53440006049456,7.523575378010148,3.8854808594795855,Moderate,2.7543473186189638,2.0,No,No,7.396298536661794,0,7.39531451285909,A,0.05915912409208668
1711,24.0,Male,5.222632704648594,6.9014353412058576,3.5905874989715962,Moderate,0.010214599787360168,4.0,No,No,7.89498280870143,1,7.89539191890056,A,0.32611339814169416
1988,21.0,male,7.3777908895291215,5.630484244664194,1.9836899806396517,Healthy,0.5723838185268759,1.0,No,No,8.032159207049862,0,8.030960188958463,A,0.654478509193851
1661,19.0,Female,5.444429087158992,4.744385514147527,,Moderate,5.278680527802273,2.0,Yes,No,6.442563655551053,0,6.443497724443219,A,0.16514277773326635
1739,25.0,Female,7.223524332506266,6.171771807835612,1.9164594616989221,Moderate,2.283968269513969,4.0,Yes,Yes,7.352666861495522,0,7.352407344638359,A,0.09698696267699525
1322,19.0,FEMALE,5.5286164173286805,5.21175352824896,3.084215010366251,Moderate,1.9864198605354526,2.0,No,No,6.803035403755053,0,6.8022927584155335,A,0.304044772474095
1546,18.0,Female,6.303255799967604,5.815815506168271,3.0447506806899574,Unhealthy,4.191861506683086,3.0,No,Yes,6.84056773158825,0,6.839752045298086,A,0.8881971977301835
2042,26.0,Female,6.1467827317673,3.1285583012843112,3.2844607485335824,Moderate,5.897335902656939,4.0,Yes,No,5.774746397498235,0,5.77411111724837,A,0.5257431304011215
1232,26.0,Male,8.734781073673856,3.7659469653813487,2.7431508838615106,Unhealthy,5.387032326066032,4.0,No,No,6.861774790173019,0,6.862890155674911,A,0.28190674535330673
1219,22.0,Female,6.119073734194782,4.869560036590968,1.5821151721899356,Moderate,2.3619936072426917,4.0,,No,6.63798538540042,0,6.638804415490479,A,0.3144195199118123
1715,27.0,Male,8.210394732164367,3.1117903104734954,2.4325721739536905,Unhealthy,1.0310751456646108,2.0,No,Yes,7.35378326931666,0,7.352294508271226,A,0.7558934151415505
1459,26.0,Female,7.4142257288509565,6.013968283710385,0.9651002235913291,Moderate,0.7192408743660437,,No,No,8.002129583381407,0,8.002059367416134,A,0.9151941577934949
2177,21.0,Female,8.275354572622632,5.265574021264869,2.593989366984459,Unhealthy,2.793457729199837,2.0,Yes,No,8.07713348278356,0,8.076804914287685,A,0.3573652958249568
1298,22.0,Female,5.630466738178731,3.9498739555311664,4.071170622829952,Moderate,2.692142181088083,1.0,Yes,No,7.199148948807265,0,7.199541052304586,A,0.2274543147531337
1351,23.0,Male,4.481208221850768,4.787895993761933,-0.3553882480890316,Moderate,1.4559959964146743,2.0,Yes,No,7.603474535911627,0,7.603378921865077,A,0.16478343318399735
2011,20.0,Female,6.902050841044896,4.987580174105619,4.566737841075853,Moderate,4.380193726073616,5.0,No,No,6.755145774482147,1,6.755527003780725,A,0.9150703397226435
1290,22.0,Female,6.025707025995834,3.75978634191039,2.477445955148892,Moderate,1.80686600015393,3.0,Yes,No,7.5274655183655215,0,7.526399871631065,A,0.9594303187635166
1589,26.0,Male,,4.558146868007583,3.5641043944811566,Moderate,3.676971661597184,1.0,Yes,Yes,7.039422853962261,1,7.041204813543592,A,0.8750948853890671
2199,26.0,Male,6.077281958060277,3.115917810697943,3.4516871142780365,Healthy,1.9956503846168534,4.0,No,No,6.8239859828311955,1,6.823978207302621,A,0.7544060558780097
1536,19.0,Female,6.744359814451761,6.212821624403027,2.670507492092164,Unhealthy,-0.1301770089598393,3.0,Yes,Yes,8.28873605632856,1,8.289066532408203,A,0.7012764745763828
1097,20.0,Male,7.699203598969387,3.1108803999408,3.022328812811393,Unhealthy,1.8555553982142645,1.0,,Yes,6.45133103904505,0,6.451042444383363,A,0.32516355480357684
1479,24.0,Female,3.6030705787627553,5.8705939472879045,2.9529679489852474,Moderate,2.7435316361041107,1.0,No,No,7.129589428312441,1,7.129960330857219,A,0.48071412919002743
1866,24.0,Female,,2.820863679856779,0.7588314964218323,Unhealthy,4.2078223689798016,5.0,No,No,5.435847254141487,0,5.4341989215007835,A,0.865823505970318
1179,27.0,male,7.026789235266674,4.519189432493678,0.43740016056997844,Healthy,0.9693358732342792,1.0,No,No,8.539891467250733,1,8.539375773141789,A,0.7754186191955664
1032,20.0,Female,8.852581520939632,,6.739108299957778,Unhealthy,3.787531884060807,2.0,Yes,No,8.15446256430473,0,8.155201553751766,A,0.6945476010634188
1561,23.0,Male,7.852825713970907,3.985629953954577,4.120270215951442,Unhealthy,7.013631207350948,3.0,No,No,7.377148151510079,1,7.375410400366598,A,0.14879541871509805
1904,26.0,Male,6.461195457565742,4.941606199272739,2.527595038864282,Moderate,4.337089211919997,5.0,,Yes,6.76575789257076,1,6.764967645424816,A,0.7792782297197487
1997,23.0,Male,5.87415362625634,,3.966222505727974,Moderate,2.2119681029306415,3.0,No,No,5.991140505954913,0,5.991898473669598,A,0.46061305910634154
2147,23.0,Male,7.491688771871909,5.766061923820271,3.6396711242974127,Unhealthy,2.8427317131122996,1.0,No,Yes,8.207135571168276,0,8.20722095372798,A,0.08947994062362463
1310,19.0,Female,3.7875022911945773,5.72779734721656,1.182135420028085,Moderate,6.264724926566494,5.0,No,Yes,6.45056213790331,1,6.451689524289244,A,0.9944409852777842
1343,24.0,Male,3.9713691832043745,5.60046486246451,0.6076871039766001,Moderate,7.629474261435015,3.0,No,No,6.287222308561054,0,6.288633714367533,A,0.7669961216200817
1630,21.0,Female,6.139082498183918,8.585334065977706,1.495023914457473,Moderate,2.331504045862632,4.0,No,No,8.618674689265518,0,8.61787707560715,A,0.040095518429485
1334,26.0,Male,,5.218445471515827,5.686347856849372,Moderate,3.9662714218761614,4.0,Yes,No,7.145578787819226,0,7.143923944704218,A,0.7725645402921796
1809,21.0,Female,6.625628035865751,6.464998054967195,1.2955457056612043,Moderate,4.189211243404052,3.0,No,No,7.034868939542587,1,7.035200330211105,A,0.48212444984270586
1089,25.0,Male,5.543706812843972,5.8116962573270605,4.279848994303614,Moderate,1.8412398951018476,4.0,No,No,7.273399224851174,0,7.274077130412063,A,0.7365117333594722
2145,21.0,Female,8.049234866220962,5.818818256608718,1.7898806228316115,Healthy,4.576333734769707,3.0,,No,6.952152179624723,0,6.952378344940584,A,0.8042595815441999
1299,20.0,Male,5.4754889328951055,4.478925749602203,1.2243613544097074,Moderate,0.6300454284155816,4.0,Yes,No,6.609167900024155,1,6.608990245294636,A,0.526344358466658
1377,25.0,Female,6.18692021239898,3.7205932733115916,3.172771324729185,Moderate,6.507167797382063,4.0,Yes,No,6.0839148209599125,1,6.083171061985557,A,0.1742401924062511
1754,27.0,Male,7.730417641109306,4.7701535596126785,2.1868788042082485,Moderate,0.7824950002484372,2.0,Yes,Yes,7.467684009734795,0,7.467525934880283,A,0.2758473148568794
2069,21.0,Male,4.955711071356351,4.488655130832474,1.655332265813592,Moderate,0.15650634505003547,4.0,No,Yes,6.987759288561555,0,6.98859370780383,A,0.5179901220053216
2183,24.0,Female,6.288360859412804,7.408225074190947,4.129818097241797,Moderate,3.298719566823692,1.0,No,No,8.47662279478947,0,8.474873736366199,A,0.9346042489953271
1426,19.0,Female,5.953366585995884,4.325774855345443,1.6379063515062748,Healthy,2.0577960435357223,1.0,No,No,7.615865409749878,1,7.617449815582852,A,0.36577201899192346
1645,25.0,Female,6.547632231917074,4.594405166294963,4.683192029752361,Moderate,3.748198745879611,3.0,Yes,Yes,6.7066481725060765,1,6.706856247982551,A,0.20015726623702945
1600,24.0,Female,5.231414151034071,3.895590325192497,0.9817933531006586,Healthy,2.5782857358107436,2.0,,Yes,7.237167259713136,1,7.235595595801363,A,0.9973388324705817
1260,23.0,Female,8.181423530040675,5.317190228545876,2.6839215313848563,Moderate,1.6523718446483828,4.0,No,No,7.699057007208112,1,7.697644506807497,A,0.6265468576679076
1895,25.0,Male,5.776736764363733,3.6851527637252044,2.1363622133426765,Moderate,0.9511248283046156,3.0,No,No,7.500239582793265,0,7.501168102644067,A,0.3675873958503002
1761,19.0,Female,6.433877481149253,5.363966406985793,1.6001616739659974,Unhealthy,4.709423825069447,4.0,No,No,6.810166383728215,0,6.810994459720764,A,0.8272618244839166
1722,27.0,Female,6.82008340157197,6.108989038512355,5.538472734176718,Unhealthy,6.5403635572428005,5.0,No,No,7.108787088869765,0,7.108255358073476,A,0.9189611574060509
1309,21.0,Female,6.48390105569023,4.303429411706827,2.264792477640931,Moderate,2.10855248365142,5.0,,No,6.873337547078327,0,6.872331803842432,A,0.9631405604700852
1060,24.0,Female,7.439070590858191,4.34640486774989,4.578112329035614,Healthy,3.3656996581338685,2.0,No,No,7.42033666241984,1,7.419990597715112,A,0.846782080891449
1979,21.0,Female,9.744782128735263,7.531329559229958,0.22080327740258143,Moderate,2.2492411911444883,3.0,Yes,No,9.215321322564087,0,9.216226690605733,A,0.8682295868040875
1736,24.0,Male,5.209116849625721,5.8869810932787265,2.717712214423379,Unhealthy,6.586937041503576,1.0,No,No,8.141746351863194,0,8.14176704784744,A,0.7289400022656518
2061,25.0,Male,5.18040998498679,9.221671179899243,5.7592530042338455,,3.847169254987329,5.0,No,No,8.292202017653645,0,8.291200649895302,A,0.6751584457790407
2051,23.0,Female,5.460300633608673,3.341247226771823,2.1737746239993094,Moderate,0.8165391494724341,4.0,Yes,No,6.275006667817922,0,6.2752620339356024,A,0.12702076232250803
1482,26.0,Male,6.564149495140969,3.432105827902289,2.7759971443927536,Unhealthy,2.935238346855307,2.0,No,No,6.692618934379345,0,6.692056093306557,A,0.2543607531431503
1462,19.0,Female,7.858462746097014,4.825600032034451,1.5528923354829867,Moderate,4.950715405093274,1.0,No,Yes,7.713430076367844,0,7.714013910675973,A,0.6827018466141984
1423,25.0,Female,,5.016203127284022,1.314042356355849,Healthy,6.323591731640592,4.0,No,Yes,6.159333896463954,1,6.160179701787699,A,0.17261296703539575
1353,20.0,Female,5.642148125722988,5.172400867371519,2.525451865257834,Moderate,5.675071162548891,1.0,Yes,Yes,7.221572296163637,1,7.2202059241156515,A,0.2814685710080941
1465,18.0,Female,,2.503465410004699,2.7466062655128924,Moderate,0.5131574876476597,4.0,No,Yes,6.82130975626487,0,6.822700989101269,A,0.9227766582203948
1756,22.0,Male,4.74057682103655,3.126886083938433,7.535672178933587,Moderate,2.103253637818134,2.0,No,No,5.559660706639702,0,5.559551467298455,A,0.7822562614304541
1333,21.0,Female,6.887356956911898,5.742909419102897,0.9478157306200425,Moderate,-0.6512449538967808,1.0,Yes,No,8.356100906556676,0,8.356234475471235,A,0.9006843630088608
1084,26.0,Female,4.330763768270081,4.312877297497809,2.4104205936209557,Healthy,2.735910065768544,2.0,No,Yes,6.780748664047435,1,6.780520850833722,A,0.9140884762675338
1130,24.0,Male,3.944962532959979,,1.0165704061497236,Moderate,0.9245723125212653,2.0,No,No,6.689792887655644,0,6.6903301636676,A,0.32918653475444226
1652,24.0,Male,5.945447509793065,4.149930462034775,5.0697484946315825,Moderate,3.689704240781147,2.0,No,No,6.1331860296299965,0,6.133302058027283,A,0.5006011113688091
1466,27.0,Male,7.793412026894218,8.740890508591985,3.2945919075152825,Moderate,2.673804312650137,1.0,Yes,Yes,9.114576167566367,0,9.114970738457913,A,0.7394888093742308
1948,19.0,Female,7.095611641208878,5.971420965829343,2.7459862394679515,Unhealthy,2.773271221415402,4.0,Yes,No,8.20132008291827,0,8.201515132898466,A,0.5109650554796455
1468,23.0,Female,5.503076142073597,6.471009941491139,2.307536695618582,Healthy,2.2170747015549392,5.0,Yes,No,7.805835397221725,1,7.804570704922025,A,0.04711573079071518
1261,25.0,Female,6.717577061433704,4.171962906482635,,Moderate,3.2460585659889825,2.0,No,Yes,6.62889451159131,1,6.628608398409443,A,0.46860494380007456
1559,25.0,Female,5.704758309973683,3.0905713568904014,1.5000228287844044,Healthy,4.562363881826869,4.0,Yes,Yes,6.875254842095459,1,6.877192890192545,A,0.2730461771522924
1851,27.0,Male,8.408262566746135,6.525465572356784,2.752733427630353,Moderate,1.8789224942589158,3.0,No,No,8.393560122236224,0,8.394610818959624,A,0.15876611324267864
1926,27.0,Male,7.061383739491588,3.4572436385880954,2.5196388865478507,Unhealthy,2.479504082860898,4.0,Yes,No,6.861133087284856,1,6.8603530108741415,A,0.3621167789512857
1584,18.0,Female,6.876582824128546,5.63370113635584,5.991642742021609,Unhealthy,4.929425321128784,2.0,Yes,Yes,7.936568872693423,1,7.937983462861242,A,0.40610920660078464
1139,21.0,Female,7.2371245260284764,6.513002533932259,1.8884721303316576,Unhealthy,1.3903103925235998,3.0,No,Yes,7.403060754698439,0,7.40288562956037,A,0.9677880500881427
1974,22.0,Female,7.515564874769275,5.731987056206881,3.4510718127265925,Unhealthy,4.2330881345709255,3.0,No,No,7.702408051527827,0,7.701822689223223,A,0.7244324353025886
1142,20.0,Male,3.52314978801855,6.3791355149704785,2.651811464256964,Moderate,1.5376779145982336,1.0,No,No,8.423023954056697,1,8.423451169457156,A,0.08992429011436687
1574,18.0,Male,6.272533386152865,7.132440467123312,3.3024863139517207,Moderate,3.744251927589908,3.0,Yes,No,7.776538093442205,0,7.775517686686116,A,0.5006332444869486
2142,21.0,male,5.9081337853929075,7.472168242735819,,Unhealthy,5.20941233425558,2.0,Yes,No,7.846347993598091,0,7.847240245075065,A,0.7639377281970877
1406,23.0,Female,4.5954820390421105,6.154843971912147,1.4479185139728825,,1.2263195926742145,1.0,,Yes,7.413245678513461,0,7.412483867130901,A,0.9521022645451306
1140,22.0,Male,7.4046260839204185,5.726680158872633,1.828213460779491,Unhealthy,6.693262960690124,3.0,No,No,7.550003784598684,1,7.550458239587183,A,0.9012167296093352
1391,25.0,Female,4.848903693678138,6.61851445885417,3.0389431701502576,Unhealthy,3.4312505594619394,2.0,No,Yes,7.539619123553366,1,7.5391909118699525,A,0.15194752549520008
1885,26.0,Male,6.622707991576899,6.308523019942653,5.100548875321996,Moderate,4.906413588374733,3.0,Yes,No,8.242417577344106,0,8.243462619887367,A,0.33132146965874343
1225,25.0,Male,6.903681126427847,5.464119259639887,5.671840391372352,,2.1406464814661246,5.0,Yes,Yes,7.090175312440924,1,7.091568442536774,A,0.40460567402604186
1936,27.0,Female,8.352191427217464,,2.249677711865606,Healthy,0.8178286290744765,2.0,Yes,No,8.740042121085304,0,8.738672438282867,A,0.7846885527704313
1275,22.0,FEMALE,,5.996438453083453,,Moderate,3.3755986181351694,4.0,No,No,6.947252146391598,0,6.9470461344462215,A,0.20850292801604553
1410,18.0,Male,6.484473478275694,4.7543538438166975,5.551189137642475,Moderate,4.15457937252069,2.0,,No,7.799423378797015,1,7.800467289793431,A,0.7930067120583083
1731,25.0,Male,6.180303759109788,7.7393140203602,3.1121651837032673,Healthy,1.3603670144400781,3.0,Yes,No,8.420802460026012,1,8.420390776017166,A,0.4510656397241962
1603,25.0,Male,5.039937897936312,7.114859325912542,1.293609006955967,Unhealthy,4.169780352286621,1.0,Yes,Yes,8.7257161806238,0,8.72479399670909,A,0.4131671253268977
1395,25.0,Female,7.470945573188293,6.1252223948485005,2.056581967600838,Moderate,-0.21070479857019953,,Yes,No,8.332627656013159,0,8.331704274138998,A,0.8414185318780102
1599,24.0,Male,5.743900987693197,5.456653284220724,,Healthy,0.9458125579905192,2.0,No,No,7.839619144657572,0,7.839372828230266,A,0.08227476627082331
2146,22.0,Male,6.813704495275962,3.445065651253099,,Healthy,4.5625222172025195,4.0,No,Yes,7.379267445898391,1,7.379515245456243,A,0.8879859306942076
1701,23.0,Female,6.847862571102081,4.564901339094122,1.9932768073039926,Moderate,4.262817849492843,3.0,No,Yes,7.008596724107696,1,7.007406503013542,A,0.47933027276121143
1824,24.0,Female,5.5793395177632314,3.915146471088741,3.9165029397378897,Moderate,2.4594276483100694,4.0,Yes,No,6.320080579165945,0,6.319586361869043,A,0.10833629601362293
2194,25.0,Male,6.888788307526573,5.614626829434934,4.281576991017558,Moderate,2.6567042199454147,5.0,No,Yes,7.056261895530522,1,7.057434132665386,A,0.7227129059977144
1606,23.0,Male,9.87148276411567,4.951288514123817,3.7554754312860807,Healthy,2.2197804063998428,5.0,No,No,7.519453634775982,0,7.51889499898693,A,0.6544350565466125
1399,20.0,Female,5.52010987105331,4.199720711475681,3.7754857082417126,Unhealthy,0.5479509362385726,1.0,No,No,8.033614667032216,0,8.032633118633772,A,0.02336258960713422
1760,25.0,Male,7.854789321154421,5.819167746338671,3.174702622577133,Unhealthy,2.414713074593242,2.0,No,No,8.235387563332823,0,8.236152463888091,A,0.7831449957744697
1621,22.0,Male,7.325313357919847,3.017953892532096,,Healthy,2.70162315002303,3.0,No,Yes,7.537159454964641,1,7.537580396988546,A,0.11170737977515854
1332,21.0,Male,5.175213637554006,6.431522493637546,0.6022522019800753,Unhealthy,3.672192635788025,3.0,Yes,Yes,7.254589428212313,1,7.254695315294395,A,0.33160136738801504
1668,26.0,Female,6.568892085725789,5.857788773955065,4.056971748330971,Moderate,2.737810068244617,5.0,No,No,6.902698478528887,0,6.90162868172908,A,0.08577771393043243
1887,18.0,Female,7.420240751994873,6.724065261436727,1.8470357925578005,Moderate,5.109803269458052,5.0,Yes,Yes,7.917265997938258,1,7.917860586446996,A,0.12813791300863586
1721,19.0,Male,4.090528339034396,4.293767513336696,2.384488902822581,Unhealthy,-0.25880226784496196,,Yes,No,7.34776561508505,0,7.347148703986932,A,0.4603057284900609
1040,24.0,Male,6.377123952066684,3.953664190105538,5.187256211218664,Healthy,2.0032227230949085,4.0,Yes,No,7.758610063949127,1,7.758270467793346,A,0.26534541574574666
1031,22.0,Female,8.820552182225825,3.66880426288676,2.435107915464772,Moderate,5.747345759975591,3.0,No,No,7.265273512110914,1,7.264340787137225,A,0.5322390206551036
1243,18.0,Female,6.807088220125068,3.5107297882490904,1.7523582386057854,Moderate,4.52221566321598,1.0,Yes,Yes,6.848631855931174,1,6.8493673027447795,A,0.28148344932213887
1846,18.0,Female,7.2508106859153845,4.1774816932024725,0.4535665357228158,Moderate,2.341322891315135,3.0,Yes,Yes,7.938300158313755,1,7.937310628928685,A,0.3577720075875708
1137,24.0,Female,6.56417795218628,5.829615180537868,2.9242888908278672,Moderate,-1.666889727724084,2.0,No,No,8.027385444210232,1,8.027181209009946,A,0.8053695296823601
1311,24.0,Male,6.271087447598542,4.64057426684803,1.0819350483346926,Healthy,3.4340514456000397,2.0,Yes,No,7.550835840035281,0,7.550980134181999,A,0.8016244017715392
2027,18.0,Female,7.3713180337356015,3.3894463809232986,4.272774158082756,Healthy,3.5405281873941234,1.0,No,Yes,7.485292140629129,0,7.486393899890459,A,0.8868620911123618
1527,27.0,Female,5.858226394137731,3.773662402505052,6.4148080343146345,Healthy,0.775657238581287,1.0,No,Yes,7.610624936913681,0,7.610966322996737,A,0.8691069419867508
2086,26.0,male,7.8988065078605825,,2.6456255510644677,Healthy,3.0753380564084596,4.0,No,No,6.789336320106946,0,6.7892956885169875,A,0.4390245843070142
1004,22.0,Female,8.662090337296576,4.418318066676064,1.2144847677474448,Unhealthy,4.193787792461691,3.0,No,No,8.126407362911326,0,8.125886001189645,A,0.6724742936467212
1915,23.0,Female,3.9127903927287453,3.8505269755764417,4.13724632584226,Moderate,0.6732573564037958,2.0,No,No,6.948470104238082,0,6.947106649779268,A,0.015119708775570229
2091,23.0,Male,7.740543401526679,7.1926987513209575,3.218239570552965,Moderate,3.9118906374230202,4.0,,Yes,7.951298259851935,1,7.951371755000078,A,0.6248462107721586
2063,19.0,Male,6.681105832167795,5.571243879256509,2.190317545480559,Healthy,1.3969050653863468,3.0,No,No,7.633712963827008,0,7.634390363707367,A,0.5166942408795777
1817,18.0,Male,6.704750094247752,3.51941726819467,5.917143356475734,Unhealthy,3.880038021164048,5.0,No,Yes,6.872320402034685,1,6.872676506527116,A,0.8087047494299412
1865,26.0,Female,6.746492632353512,5.923377931791932,2.716883680483159,Healthy,4.100842857037452,3.0,Yes,Yes,7.701519989763164,1,7.701293964748085,A,0.7795525177682635
1781,26.0,Female,6.0443882349821925,4.403333129089688,2.1595091507553485,Moderate,2.916563335354622,4.0,Yes,No,6.999029584253048,0,6.998418828346589,A,0.721184109850814
1920,24.0,Female,6.690137660599682,6.956770545673327,3.344081492238689,Moderate,7.031105183358727,2.0,,No,7.6763932336206615,1,7.676327536232021,A,0.400272831572996
1315,200.0,Male,6.031186876880965,2.3398781917854787,1.0472658716683534,Moderate,1.971390772329124,2.0,Yes,Yes,6.247800118129583,1,6.248857447172569,A,0.917636254370219
1491,27.0,Female,6.216264296042584,3.76716234268544,3.858143585397723,Healthy,2.527833853954209,1.0,No,No,7.427373611931835,0,7.429004133828401,A,0.9512937670892465
1320,25.0,Male,6.895932246388718,3.964826688272081,4.853674339491212,Healthy,0.9940986245087124,3.0,No,Yes,7.244987378000126,0,7.242857305356368,A,0.8552616593777087
1579,26.0,Male,7.107899785028304,5.03667308287968,,Moderate,1.410650568994846,4.0,No,No,8.21457961120119,0,8.21482437001077,A,0.42925762072131857
1440,21.0,Male,,3.527135231073795,6.358247499621636,Moderate,3.5822533502862086,3.0,No,No,5.912336088943544,0,5.910925750757462,A,0.8292100683490646
1006,26.0,Female,6.063700051631841,6.18336182507486,4.276291355788789,Moderate,5.204332843679648,2.0,No,No,7.330624778249845,0,7.331216308295374,A,0.017722379285222356
1101,26.0,Female,6.440529394938101,3.945867560268194,2.746736122195551,Moderate,4.363362872490685,5.0,No,No,15.0,0,15.00034640812687,A,0.4808771196852435
1671,27.0,Male,7.1943939605782,6.637375429066209,4.84398739697312,Moderate,1.86881231787216,3.0,No,No,8.384778080952888,0,8.385022631415875,A,0.2015828632314156
1534,20.0,Female,9.349527860031717,,4.226567409394368,Moderate,3.2947000591044326,4.0,No,No,8.26760386055953,0,8.26903229170627,A,0.8146381236230967
2024,26.0,Male,5.9378891625206505,4.24907278101702,5.25240280894679,Unhealthy,2.603145751344627,5.0,Yes,Yes,6.415211102742871,1,6.41476803362077,A,0.8171313982161558
1853,27.0,Male,6.4663003098751615,3.0246123895505805,4.85399772414509,Healthy,2.32427970484458,4.0,Yes,No,6.8131825432220525,0,6.813133176613618,A,0.9017224548934856
1463,25.0,Male,3.6868425274535874,7.763225987852396,2.0342639790412465,Healthy,1.2766930930660938,2.0,No,Yes,7.508659651532804,1,7.507766441527607,A,0.28518250189574357
1723,26.0,Female,5.223728324678339,3.2573999615984803,,Moderate,7.399380544187465,2.0,Yes,No,5.922670718505782,1,5.922659491661696,A,0.4844171938016525
1985,23.0,Female,6.06274724852811,5.808956829414311,3.2049847593807486,Unhealthy,4.882495065169256,5.0,No,No,7.128856527959877,1,7.129775696143184,A,0.37824992225414933
1228,23.0,Female,8.272872361004042,8.23798851605725,5.323088337694292,Unhealthy,4.205682157649589,5.0,No,No,8.156058022900487,1,8.156664100859194,A,0.7014989451841578
1839,18.0,FEMALE,7.020811788140128,4.5406968815426785,1.9715895114626065,,2.8293445930980208,3.0,Yes,No,7.748770383789706,0,7.7476905898841775,A,0.8425704693043837
1552,21.0,Female,6.651916052333232,7.916896688390342,2.086864614532011,Moderate,4.818943236588083,5.0,No,No,8.059973727862305,0,8.059714339347837,A,0.17481574623696672
1672,24.0,Male,6.605555475597202,,3.899376779685566,Healthy,-1.499875303348313,3.0,No,Yes,7.891515223472348,0,7.8924738175531255,A,0.372506257056864
1747,23.0,Male,5.563479854426658,5.3526799147274975,3.4894484151473413,Healthy,-0.09951228518388122,1.0,No,No,7.610798228879964,0,7.611025448817062,A,0.14600697481950986
1067,27.0,Male,5.840536854643901,2.7167010872128574,,Moderate,3.9814359679712226,1.0,No,No,6.33232498798619,0,6.331356453063138,A,0.49489046400750536
1068,21.0,M,5.152677881274806,6.541371605830733,4.785901018301878,Moderate,1.1937370628926491,1.0,No,No,7.972070363203983,0,7.972579341838535,A,0.21531700217248884
1436,19.0,Female,5.218887477146136,4.034658312574028,1.1200421064822554,Unhealthy,1.810781501210752,2.0,No,No,6.34705419708736,0,6.346373126742593,A,0.11677970493293088
1212,25.0,Female,6.937441386839915,5.571907085121463,1.5955180874320598,Moderate,1.8450616095515706,2.0,No,Yes,8.077793096505177,0,8.079124077949224,A,0.6851643430860379
1013,25.0,Male,5.58563065002769,5.756666971493702,3.5094626500700263,Moderate,4.251678866149167,5.0,No,No,6.904094273128629,1,6.9035106627887455,A,0.9257929886612333
1533,19.0,Female,5.941078202170306,6.468262011855799,3.825517652107332,Moderate,3.4485069023187234,5.0,,No,6.663354653393849,1,6.664015331605388,A,0.3889668983296899
1680,27.0,Male,4.703152195886556,4.2616293668519205,1.8719456195215618,Moderate,4.987530087905448,4.0,No,Yes,5.951476327762122,1,5.952446916228972,A,0.2763392213362481
1300,18.0,Female,7.051647146017985,30.0,5.464101452906445,Moderate,1.133891675834367,2.0,No,No,7.361312479044902,0,7.361162322007411,A,0.21008817168623228
1618,20.0,Male,,7.317848227544839,3.1188225717062092,Healthy,4.130668699964064,1.0,No,Yes,8.533519762136814,0,8.533714200206868,A,0.7791235309003536
1797,27.0,Female,6.697184791258299,4.92264824078568,3.528693745783071,Unhealthy,4.217047292598344,4.0,No,Yes,6.896867237460557,0,6.8979806468024245,A,0.32004729377244145
2104,19.0,Female,6.242870068934642,2.1560222012809036,4.192864518110638,Moderate,-0.8740447163225453,3.0,Yes,No,6.772579892738312,0,6.7730063208924385,A,0.6615906945654674
1054,22.0,Female,3.8002594664580713,4.051871265786634,1.9479837753542375,Healthy,3.4374316104267475,1.0,No,Yes,7.002314000199856,0,7.00092611289474,A,0.9777431886978666
2023,26.0,Male,6.353833731136,4.964865561198777,,Moderate,6.101561810590518,3.0,,Yes,6.888819675280836,1,6.889232098439035,A,0.8462303108531916
2167,18.0,Male,5.417466634182738,7.341779799764724,2.765904748767146,Healthy,2.7525954127923775,2.0,Yes,No,7.215098760751982,0,7.216982322015352,A,0.6179536887798869
1381,18.0,male,8.136620389919228,,4.855575812763703,Healthy,4.758535470771683,4.0,Yes,Yes,8.371244220871858,0,8.37206182427788,A,0.39342005062065044
1555,27.0,Female,7.22754938733045,3.470359721927805,1.940436746826311,Unhealthy,2.9223473806750033,2.0,No,No,8.318370219190317,0,8.318819478564343,A,0.9783414051964953
1725,25.0,Male,4.626556493373344,5.231119988223303,2.8044086416207046,Healthy,2.8244941879498375,3.0,No,Yes,6.798463044979682,0,6.799547404936009,A,0.29456511903016
2149,24.0,FEMALE,8.142541558284275,4.0615638403979055,4.6641362837880855,Moderate,1.856578743979806,,No,No,7.332355379318144,0,7.33239251533352,A,0.8727528239271435
1597,23.0,Female,5.088559620027881,3.0963655777102814,1.0025328599137753,Moderate,5.540100913468697,5.0,No,No,5.010843196499486,1,5.011848893090655,A,0.8990929081538158
1907,22.0,Female,6.089416531121543,6.622175704442798,3.446899765452622,Unhealthy,4.138167612841584,3.0,No,No,8.407087447401558,1,8.408741547505143,A,0.6886739919605512
1274,27.0,Male,2.953257410785916,4.679070284208782,2.7929293870776997,Healthy,4.788992286260264,4.0,No,No,5.460881834465155,1,5.459032587984865,A,0.46013423540160703
1428,26.0,Female,4.808036356299349,4.837195050972265,1.4488332907054347,,6.080561038078483,1.0,No,No,6.970976284266215,0,6.973301088225811,A,0.9952478221984388
1363,20.0,Male,7.938223803820033,3.642788745178367,4.185113324208347,Moderate,1.7084992399891916,3.0,Yes,No,7.927873738642544,0,7.928045227815974,A,0.10196273384990395
1238,22.0,Female,6.111218269404284,,1.8768755640286237,,1.6179679924834152,3.0,No,No,8.602289251204038,0,8.602697672890276,A,0.22544359057477092
1623,19.0,Male,7.831003773790558,5.31580200618387,3.5992871340677017,Unhealthy,-0.13257521760195967,,Yes,No,7.306308618612233,0,7.3062057154409175,A,0.5008535050166287
1003,24.0,Female,9.44890891049107,6.67909574299757,4.076022686413015,Unhealthy,0.32957996510711407,1.0,No,No,8.956787311536376,0,8.956453560675138,A,0.48337717634640254
1007,18.0,Female,5.120955203374047,3.34900810364846,4.088561974978083,Moderate,-0.2819708583410221,2.0,,No,6.221312698784427,0,6.222459511816063,A,0.8593852769426914
1452,27.0,Male,7.138555248657726,4.197116650054133,2.8304394436929234,Healthy,2.8734925403741696,4.0,Yes,Yes,7.457707688437528,0,7.459578591232976,A,0.8046781420099866
1312,24.0,Male,6.3046412040408715,5.548231017557757,3.6026233789796196,Moderate,2.5182712831870586,2.0,No,No,8.01526497396475,0,8.014687804950928,A,0.9992859087058765
2058,25.0,Female,5.577973208542505,4.826997507788996,2.9371230267378428,Unhealthy,2.4418284445390244,2.0,Yes,Yes,6.709421569905275,1,6.7094447362615846,A,0.14389625437014508
1382,27.0,Male,6.21600941041772,6.740139269965326,2.924118897849855,Unhealthy,0.5308039959762572,5.0,Yes,No,7.982762534520439,0,7.98330822486356,A,0.08093490394342173
1520,23.0,Female,7.974104974736181,6.711219184042071,2.4440804196902066,Healthy,2.3242888795435843,5.0,No,No,8.138535291109966,0,8.139518944705177,A,0.09704893655223035
1821,18.0,Male,,6.035137122763093,4.083411220767004,Healthy,5.783900539374434,2.0,Yes,Yes,7.03562037638636,1,7.033884838873001,A,0.40961187562008283
1216,20.0,Female,8.268333670703715,7.0585135142997775,,Moderate,6.174286159007536,4.0,No,No,7.976800190806699,0,7.977507374829973,A,0.4969697987079126
1412,20.0,Male,4.985132841371401,8.9521111316225,3.444150884434906,Moderate,3.6894236708130306,3.0,No,No,8.480725403631991,0,8.479793040363601,A,0.3005086107012588
1028,26.0,Female,7.70901292518387,6.058954620048224,5.020984862420338,Healthy,1.563337731384417,2.0,No,Yes,8.270771298538103,0,8.272296417647985,A,0.6096072324772517
2187,19.0,Female,7.281848744772751,3.8859817179482707,4.299596100536399,Healthy,3.929545708957929,5.0,No,No,7.0046235588179115,1,7.004512341694179,A,0.5315175384971502
2028,20.0,Female,5.382711814469476,2.4100899783143324,5.318844719667972,,5.599818663768176,5.0,No,No,5.859326282333434,1,5.8582081012380645,A,0.6134097726630633
1594,27.0,Male,9.221173044679105,5.170699348010444,5.00729419940798,Healthy,5.0748291794668265,3.0,Yes,No,7.185694883372057,0,7.186483162052879,A,0.9564621646912369
1843,27.0,Female,6.3869665095790005,5.719535795896295,2.200121725975955,Unhealthy,2.9431474514163645,2.0,Yes,No,7.7948055447177955,1,7.7942510509735,A,0.257590994188999
1991,21.0,Male,6.769156768617913,4.482264699135653,5.671557688863443,Healthy,3.3694159650653606,4.0,No,No,7.412407212421226,1,7.412335471833837,A,0.3370473781484389
1674,18.0,Female,6.189552917977124,4.856174596151043,3.339162015066557,Unhealthy,2.8901136257203666,1.0,No,Yes,7.473324748602809,0,7.472712502395837,A,0.4903080748890929
1772,27.0,Female,8.425074925622017,,1.7175228286374278,Moderate,5.142944468920156,3.0,Yes,Yes,7.296696229894528,1,7.2962114138720295,A,0.9838810007810211
1971,20.0,Male,5.541433106128421,5.0843084796337275,2.9884105783414774,Healthy,7.190049605567865,5.0,No,No,6.5275655298951385,0,6.527545528407792,A,0.9543109733739132
1355,27.0,male,6.121790732137732,,3.3320628809643424,Healthy,1.9934355472937038,1.0,Yes,Yes,7.902283494689872,0,7.9015225995353795,A,0.040463079828827464
2079,22.0,Male,4.827593018760594,5.095966567053282,4.321385194798797,Healthy,3.87876835152043,2.0,No,No,6.890970667096782,0,6.888714598222496,A,0.6950387439706619
1443,19.0,Male,7.109694926238879,7.589198562004265,2.522958849289396,Healthy,1.389442822737421,1.0,Yes,No,9.328995245641666,0,9.329147438523439,A,0.9081228185288022
1257,24.0,Female,6.239328610137588,3.973165963730299,4.438209984016441,Healthy,2.7499587371308194,4.0,No,No,6.5342893494042915,1,6.534759617371523,A,0.700727161738402
1292,20.0,Male,6.362948129866596,4.121122684322623,0.1917667463499062,Healthy,3.0185161092074555,1.0,No,No,7.423252317164968,0,7.423388809158974,A,0.24495924997100726
1026,24.0,Female,6.330814523066698,4.9325071885354905,2.1794929187325076,Healthy,6.4337447467956475,3.0,No,Yes,7.01699108345232,0,7.016808109968559,A,0.5365138570536546
1337,27.0,Male,5.820446101302792,6.285815530334919,3.963475719750742,Healthy,2.785574939310605,1.0,No,No,7.276562904405541,1,7.274487562141943,A,0.9811601507598122
1431,18.0,Female,6.953565197593639,6.650556021045835,3.9028434729096624,Moderate,5.8996216855458785,2.0,Yes,No,8.154995855110428,1,8.155843167152234,A,0.09125944482715287
1048,26.0,Male,5.913107038257292,7.363516388255991,1.8517570484366264,Healthy,2.7095651321355954,3.0,Yes,No,7.80227718282784,1,7.800354421858641,A,0.5106972077540088
1319,27.0,Male,,6.493452209176748,3.4855783433685974,Healthy,3.0222218233670515,1.0,Yes,No,8.299386885875034,0,8.298706216997784,A,0.26064512042998556
1107,25.0,Male,8.344358784701173,4.3084605791287425,3.7318250130293498,Unhealthy,2.8924568778712016,3.0,,No,7.2425965843599105,0,7.241242590123916,A,0.5169628705958457
1845,18.0,Male,7.926540937224649,6.531324231503711,2.9167859756154977,Moderate,5.764632688636738,1.0,Yes,No,7.750290337778582,0,7.750979394595555,A,0.7547909499110205
1056,18.0,Male,8.089946815257957,1.5093503045820347,2.6016892880561455,Moderate,1.2608663302696126,2.0,No,Yes,5.982312447821852,0,5.983239093745997,A,0.0028313399537372996
1550,24.0,Female,6.364197908325323,1.6474467531520007,3.82068345815901,Moderate,1.617680219267728,5.0,Yes,No,5.460988946106804,0,5.460870183881936,A,0.2794621693896858
1214,22.0,Female,6.7127136403386265,3.554337219148417,3.6898503994616556,Moderate,0.8760509730971839,3.0,No,No,7.4476727317403,0,7.450360843973163,A,0.16640574704757016
1121,22.0,Male,,4.849553498834887,1.4247418204789346,Unhealthy,4.982146560082557,5.0,No,No,6.4055295881757734,1,6.405139820346296,A,0.1307343689710464
2144,26.0,male,6.516050975259035,5.6715725451426025,2.477119551067519,Unhealthy,2.7567965443680684,4.0,No,No,6.897660052022788,1,6.896929293579835,A,0.8155910244157336
1535,23.0,Female,4.414742485835442,3.705799970640095,3.654419179849296,Healthy,1.1933590734604063,3.0,Yes,No,6.4818832140308125,1,6.483647455107714,A,0.17319111500726658
1713,25.0,M,7.375794546818636,4.986599198162044,4.149275950275426,Moderate,2.14605372834148,4.0,No,No,6.719273850262034,0,6.7204125510651185,A,0.12602509609820411
1073,22.0,Female,6.531902409591319,3.5253471085125874,2.6046147747626347,Healthy,4.268237550703593,4.0,No,No,6.921457581399258,1,6.922399012193067,A,0.4802221480611898
1635,19.0,Male,5.823834289489916,6.2291713589268465,-0.06128827597127939,Healthy,0.9333600693519721,2.0,No,No,8.088917547289036,0,8.089243838113589,A,0.020126926500197095
2196,24.0,Female,8.385602979298842,,2.1805134622309996,Moderate,2.367474117590133,5.0,No,No,6.958123959200654,1,6.958794063292391,A,0.3729588814429442
2112,20.0,Male,2.823464160425125,,4.981365004004808,Unhealthy,3.934327283259263,2.0,Yes,Yes,5.731609774799066,0,5.73276167823833,A,0.7864077221399248
1753,18.0,Male,5.76074116933265,3.9998737246897162,3.919566314656179,Healthy,3.7901507527527327,5.0,No,No,5.987693832781941,1,5.988016455211457,A,0.3595335711079356
1944,22.0,Female,5.243255424339427,6.056022611482481,,Healthy,4.4314143935586845,3.0,Yes,No,6.926143168535283,0,6.926011774429707,A,0.4369381056807642
1890,20.0,Male,9.928926107767838,6.4491945215061595,3.60920588205816,Unhealthy,2.281276088850169,5.0,Yes,No,8.001843294685463,0,8.002262569348863,A,0.10881717806692537
1582,26.0,Male,5.570417772485524,5.340744197581199,0.23844574906073168,Moderate,4.917502869058558,1.0,No,Yes,7.437749265746508,0,7.437543436392027,A,0.961863568243617
1592,27.0,Female,7.254555552332364,3.4728235827219716,2.16044959327528,Healthy,2.47716628654719,4.0,No,No,6.5443516634417485,0,6.544410299743856,A,0.46859040404113705
1583,19.0,Male,5.80760435434696,7.400070921979412,3.141480234571646,Healthy,4.355043281295188,2.0,Yes,Yes,7.50184314057922,0,7.503008052384645,A,0.2239262024505514
1529,27.0,Male,4.841661162363641,4.858977238872266,1.8519667273195435,Healthy,3.263036953722507,4.0,Yes,No,7.302048030859233,0,7.302619238129383,A,0.2648407035658359
1326,20.0,Male,6.714489155943593,,1.9112126689692912,Unhealthy,3.092798213984927,5.0,No,No,5.868246678451547,0,5.868118239232645,A,0.4910627765359058
1571,27.0,Male,5.880187109407,3.867170870874469,1.420825405332506,Moderate,3.716372203613187,1.0,Yes,No,6.337344725342049,1,6.3377288592678935,A,0.46308089881423575
1977,18.0,Male,6.386041627288794,4.477745313744988,4.58675215219336,Moderate,1.4835323233762918,4.0,Yes,No,7.805940089565858,0,7.806813265993875,A,0.5829719616454273
1317,25.0,Male,7.039974009615857,6.8492956149635145,2.2669761465555562,Unhealthy,4.667808124590705,3.0,No,No,7.685574623427508,0,7.685756255889036,A,0.11011207334373563
1651,22.0,Male,,6.480871029475114,2.819872132396884,Moderate,3.067901214028029,1.0,No,No,7.7004691915535295,0,7.700026764746598,A,0.41895303758690106
1877,23.0,Male,,6.670489560111948,3.499713798112665,Healthy,3.0795381029272546,1.0,No,Yes,9.036196612734498,0,9.036252278138008,A,0.29245165046039634
1830,18.0,Male,7.658204591274399,3.229108490369764,1.6152523139577104,Moderate,6.183165591324922,3.0,No,No,6.527463305416088,1,6.527268176971982,A,0.49680446650865606
2002,25.0,Male,7.996653705370941,3.077223128407002,3.1771551975096903,Unhealthy,1.5047440741168083,4.0,No,No,7.112045559529593,0,7.112903586773742,A,0.27543504254963336
2053,23.0,Male,6.5135332359423925,5.172697051261714,-1.2185204902590314,Healthy,3.6060729451613502,3.0,No,Yes,6.687913782338041,0,6.688148012029487,A,0.42514653548972037
1563,22.0,Male,5.3713637413985404,6.201078682504483,4.515095545297392,Unhealthy,5.608081244551537,3.0,No,No,7.7354498568342365,1,7.736004216739236,A,0.22293256585035048
1576,21.0,Male,6.633620515277734,3.873913072602331,3.4579924310230377,Moderate,-0.46953804429014445,5.0,No,No,7.311926154642023,0,7.31301278845749,A,0.28505120047495636
1061,27.0,Male,5.41892360563451,5.151405187602732,2.9041941223132612,Moderate,0.5110291090329131,4.0,No,No,7.334921449555885,1,7.335838620441117,A,0.07149584898446826
1835,26.0,Female,5.863013806244423,6.537135100626159,1.4788962106720809,Unhealthy,2.5247919139179666,1.0,No,No,8.285276516720888,0,8.286513080834293,A,0.5303465284210724
1093,26.0,Male,7.429393644638446,6.493908027233387,2.6507239258266226,Moderate,5.914983284531926,2.0,No,No,7.843397157050017,0,7.84399134460411,A,0.05468438506225981
1908,19.0,Male,4.811703001277766,4.510634477564258,1.8746713946368012,Moderate,2.461487737458739,1.0,No,Yes,7.894652441609225,1,7.8924833936888135,A,0.6636170175583433
1537,22.0,FEMALE,,4.159326785308441,3.847410980320222,Healthy,1.429393603653183,5.0,No,No,6.863714899148248,1,6.862487350130616,A,0.46032940938727374
1352,18.0,Female,6.752349549303376,5.101333226121237,,Moderate,2.0163934964136163,4.0,No,No,7.752285708940428,0,7.751237687059154,A,0.8299735840935467
1987,24.0,Male,30.0,5.097414631326114,4.4924333963499965,Healthy,1.2370904995750156,4.0,Yes,No,7.508259591524617,0,7.5075576552019845,A,0.10082307945385738
1281,20.0,Male,-1.0,7.170588044046653,3.1289985975078234,Healthy,1.7518560038987656,4.0,Yes,No,8.649090075559009,0,8.650237417981751,A,0.956492850706147
1147,18.0,FEMALE,5.083999065839289,4.097808782661491,3.7056755333552562,Moderate,0.5294744090860846,,,No,6.82196859369893,0,6.821985734366903,A,0.08463022407218479
1768,22.0,Male,6.015689457776799,3.9954778578916956,1.2121780335871875,Healthy,2.1176469957395643,1.0,Yes,Yes,6.646974650469022,1,6.64599031936545,A,0.21814781587303733
1360,25.0,Female,6.27393904728274,5.26947002117008,,Healthy,4.764420783700794,2.0,No,No,6.938910346799242,0,6.938956644058519,A,0.48534277849274976
1679,23.0,M,7.554744833241071,3.665294015977385,1.427112532758612,Unhealthy,2.941695701793412,2.0,No,No,7.635217513014954,0,7.636198532941814,A,0.07202076353658393
2127,26.0,Male,,3.1814475604104113,4.6607389281649425,Unhealthy,3.789602701350617,1.0,,No,7.114385343589847,0,7.114113803151342,A,0.7369456662312089
2037,27.0,M,5.852557781694632,,4.113907438852937,Unhealthy,-0.3607083256109367,3.0,No,No,7.818877966238722,0,7.819725818095213,A,0.3425310038293422
1554,21.0,Male,5.8658886426613694,7.746431433134848,4.461986536050304,Healthy,1.0295465033444313,5.0,No,Yes,7.938642849651678,0,7.940037941188998,A,0.841913341560424
1775,26.0,FEMALE,5.687270979188867,5.806150781341006,3.0435593572579376,Unhealthy,1.5922598273969482,1.0,Yes,No,7.7561691610489465,0,7.756115006184724,A,0.4605030157696628
1763,27.0,Male,5.8002619132367705,4.935975355658785,4.567596998656686,Moderate,6.123041399592976,2.0,,No,6.881492401760273,0,6.880888772049628,A,0.7413713804025869
1183,22.0,Male,6.892212164465628,4.5321630316169,0.4998631005146441,Unhealthy,4.80307659602671,5.0,No,Yes,6.961127035152077,1,6.959937483367944,A,0.0523140279289096
1719,20.0,Male,5.951828023113603,5.344190546687645,4.196788800418904,Moderate,2.6119859256073528,2.0,No,Yes,-2.0,0,-2.0007284454121415,A,0.16856605965189264
1480,19.0,Female,7.278072813486455,6.097720091481332,0.8348298045947407,,6.403314316982171,2.0,No,Yes,7.72410438535913,0,7.723240297385152,A,0.5755653553024455
1111,20.0,Female,,3.6385737408490995,0.9584746081387956,Moderate,2.715061487790494,5.0,No,No,6.3986823140856535,0,6.398356236899895,A,0.4341270594167477
1371,21.0,Male,8.910506463422166,4.961541409478489,3.5947302261163774,Healthy,0.3954980614339174,3.0,No,No,8.411647086395302,0,8.412178079673486,A,0.3126120880092609
1240,24.0,Female,5.910013262041419,5.3070600290307945,3.4516697506510403,Moderate,-1.693257952323271,1.0,No,No,8.326701096486156,0,8.328232386664073,A,0.8882080617195464
1939,22.0,Female,5.643416603337546,6.409130632697272,1.038499652422591,Moderate,2.1244397282413887,3.0,Yes,Yes,7.639393580729156,0,7.639792191292625,A,0.08774731165304417
2088,27.0,Female,6.398576142186232,6.05628551768475,4.4878415095508934,Unhealthy,5.323604614750934,4.0,Yes,No,6.727938798079591,0,6.729504362899682,A,0.7248379210555691
2112,20.0,Male,2.823464160425125,,4.981365004004808,Unhealthy,3.934327283259263,2.0,Yes,Yes,5.731609774799066,0,5.731236017845247,A,0.013736889118711404
1205,22.0,Male,7.994761952206248,2.285574546624156,4.3913186659703145,,2.922706050677859,2.0,No,Yes,6.640707348145508,0,6.640497858817546,A,0.001849456997897292
1812,26.0,Male,7.423828271666426,2.3580658930361826,-0.30403896170304634,Unhealthy,4.25280861596676,1.0,Yes,No,6.582350060474803,0,6.5826347365401014,A,0.0896731053565375
2138,21.0,Female,5.431975100283676,6.9832038411177155,2.2652216871162745,Unhealthy,4.060830902949014,2.0,No,No,8.52670284624596,0,8.52732539264851,A,0.6250867496839783
1262,19.0,Male,5.406267652235252,4.76730030322911,2.6162652986361263,Unhealthy,5.682794905380943,2.0,No,No,7.220393743266946,1,7.220938777555481,A,0.877370605949072
1524,26.0,Female,6.79753707302225,5.212485046086538,0.42562698377317254,Moderate,2.5027529066148095,1.0,No,No,7.872249469212981,0,7.870664334305059,A,0.9524913791050028
1683,27.0,Male,6.539234270303925,5.727954924594711,3.323015689933124,Unhealthy,1.039335383751057,1.0,No,No,8.10491600825787,0,8.106513456563935,A,0.5459297413132106
1340,27.0,Female,6.89634793473991,6.779213753178246,2.6534104801507645,Moderate,4.754942119981443,2.0,No,Yes,7.041339588103034,1,7.0405920667746695,A,0.9605520437314566
1702,24.0,Female,6.688679412123432,5.006199323982299,2.2835965600002313,Moderate,3.994911301619573,2.0,Yes,No,6.907403550962786,0,6.908153889566152,A,0.6807802082779644
1804,27.0,Male,6.393663265696199,4.070535525478983,2.73125101017988,Healthy,1.5992862882998413,4.0,No,Yes,7.229237584936509,0,7.230190168521144,A,0.6638606041882662
1507,23.0,Female,,2.2346788738119354,2.6706090161118605,Moderate,6.098838451134446,1.0,No,No,6.571719916213841,0,6.5706280715969125,A,0.5145927946188952
1184,24.0,Female,5.621257542317509,8.030959548163748,4.3499994966446,Moderate,4.699780233812875,3.0,Yes,No,7.992761674988149,1,7.992703072624539,A,0.49085183890682627
1138,18.0,Male,3.998717414013831,5.373370398012544,1.6627058179919456,Moderate,6.699858345513514,4.0,,No,6.418540407294583,1,6.4181807803348,A,0.4226100501961395
2190,18.0,Female,6.737067539033005,2.4438505615288912,0.8557526424547972,Healthy,1.6124796723759476,1.0,Yes,No,5.9781754992543075,0,5.978681430381955,A,0.19894136798806916
2109,27.0,Male,7.257529676145891,6.643283617243714,3.837327863321306,Healthy,4.307032301007997,5.0,,No,7.370459749891975,1,7.369877828280022,A,0.005585520977017477
1666,24.0,Male,6.228254498547034,5.409433632295083,4.357377778040826,Moderate,4.295690365676474,4.0,No,No,6.974631265086975,1,6.974108352751946,A,0.3293123953655759
1081,27.0,Female,7.7538473749453125,6.22901464558962,2.5890123526544953,Moderate,2.7026415135652138,2.0,No,Yes,8.518488845634812,0,8.51930234057208,A,0.04502427543041465
1528,19.0,Female,4.612966099997071,5.632425244864745,3.0924155192842138,Unhealthy,4.210912881295942,2.0,No,No,7.562101116792978,0,7.562532392100296,A,0.01463458294069786
1837,26.0,Female,5.95765882417579,4.139495463712372,2.927274149294016,Healthy,4.948217497983445,3.0,No,No,6.211891597887368,1,6.211235906298371,A,0.75988918106968
2181,24.0,Male,7.474082851995802,4.600404387211237,2.7180013477248006,Healthy,0.46313510239462463,5.0,Yes,No,7.7981105238244215,0,7.799301315648268,A,0.7936275392732756
1030,22.0,Male,7.400146174564333,5.463198915272248,3.6722132169400594,Moderate,3.2178682913944336,5.0,No,Yes,7.167844663166672,1,7.16785926340022,A,0.17985165343674625
2176,21.0,Female,7.512724269864027,3.7787450270208307,2.928368072267189,Moderate,0.31052044821059965,5.0,Yes,No,7.176207766457666,0,7.175617104105142,A,0.32940978717931113
1472,26.0,Female,7.80141819311596,4.838699383600904,3.2424935795693304,,6.16459964918581,2.0,No,No,6.956598691567398,0,6.95600433428903,A,0.7980993792046939
1166,26.0,Male,7.390434683575389,4.187024899660711,3.3705100612262613,Unhealthy,3.5533393796892425,4.0,Yes,No,7.4553950400323465,0,7.455120995313364,A,0.4273103785190441
1249,25.0,Female,4.618483500283402,4.095532531149495,2.2097202060192345,Healthy,3.1187541055908063,4.0,No,Yes,6.302083573720865,1,6.301014652533956,A,0.3483209201672045
1308,23.0,Male,7.85005270604963,7.153967187202664,1.46040231882721,Moderate,1.4644380049767163,1.0,Yes,No,8.121310440009275,0,8.121441645955155,A,0.6445803368111058
1470,27.0,Female,6.479554532795045,3.50646465973729,3.8924286872652027,Unhealthy,0.9663682830671068,4.0,No,No,6.410061840638854,0,6.409270466236289,A,0.8457258216737115
2157,19.0,Male,7.003357871423898,3.908948389011302,-1.118420797466067,Healthy,5.231472432724423,4.0,No,No,6.524580174386149,0,6.522964142970843,A,0.46453511230918354
1347,27.0,Female,6.581495803003203,4.9240578304145135,5.028890864634818,Healthy,0.6947629475860793,1.0,No,Yes,7.412952401046692,0,7.4130871850245175,A,0.5953962455338484
1335,22.0,Female,7.3543724275892615,,2.045255925227619,Moderate,8.583394446740755,2.0,Yes,Yes,7.746341204337843,1,7.745441297628632,A,0.7181120373498618
1286,27.0,M,5.788135778155569,8.589015084527363,,Moderate,3.0429559581412478,4.0,Yes,No,7.771577852250984,0,7.7709826245806495,A,0.3656575463045776
2006,27.0,Female,5.760589898990571,5.18704591647702,3.6688925225076803,Healthy,3.245264951256286,3.0,Yes,Yes,7.305150668028721,1,7.306403644923605,A,0.6563947883273283
1098,24.0,Female,6.616896095549339,3.030248422700094,3.6036611300152823,Unhealthy,2.4547335709698443,,Yes,Yes,6.906206746354123,0,6.905500082075076,A,0.9729987631744599
1765,21.0,Female,7.5394702410302346,3.9107833959704603,3.8526142868622286,Moderate,5.907774491721472,2.0,No,Yes,6.656968915440984,0,6.655059778124702,A,0.8109280142732043
2066,21.0,Male,,6.18876111750891,1.449993756016456,Moderate,1.6301389734717855,4.0,,Yes,7.557260538280646,0,7.5563101103647154,A,0.859715516700262
1966,23.0,M,7.7821544806931575,4.608103413438119,5.147215670891125,Healthy,1.494657444079341,2.0,No,Yes,7.503063710682089,0,7.501709130039617,A,0.6098926265575995
1632,21.0,Female,6.109162267911525,3.8503072487034964,1.735301012982376,Moderate,1.730655823927213,5.0,No,No,6.7185135069379545,1,6.718431290143834,A,0.8247752281268471
1716,25.0,Female,4.54869861364818,6.572044366425879,1.5623113414571046,Moderate,3.761464754514721,3.0,Yes,No,8.128737164826717,0,8.12741994968712,A,0.2273086246251792
1644,22.0,Female,6.49932428345245,6.590490807169541,4.33155938517587,Unhealthy,3.291765255405913,3.0,Yes,No,7.993802972972724,0,7.992000260555692,A,0.9227852797991704
1848,18.0,Female,8.632619408309269,4.907726480593044,2.797269589451376,Healthy,-0.17181242245057904,3.0,Yes,Yes,8.147655841984657,0,8.14711081930474,A,0.5088364165226363
1964,20.0,Female,5.871472665750518,5.09620520356723,3.2830664451168268,Unhealthy,1.6803870036913273,2.0,No,No,7.873051356228935,0,7.874793080057635,A,0.3781577956321234
1724,19.0,Male,6.739562021493818,3.6419521809772517,1.9798962689573847,Moderate,-1.871407552956149,5.0,Yes,No,6.852598062479402,0,6.85131801230485,A,0.378873886442777
1066,21.0,Male,7.179425310289799,7.733082832014263,3.9462002462190298,Unhealthy,-2.3744805613978626,1.0,No,No,9.273016944873266,0,9.273488984956355,A,0.5868230781613851
1669,27.0,Male,5.1592068775384705,3.155738903960603,1.55850548711352,Healthy,2.8955306497695683,5.0,Yes,No,5.558998117214076,1,5.558602368968017,A,0.4597123633359994
1784,19.0,Female,5.409076533675973,4.8291254104203745,-0.3827633377110651,Moderate,1.9466686622520015,2.0,Yes,Yes,7.004035970880917,0,7.004407105483627,A,0.25322368589075106
1598,25.0,Male,5.56687288670208,4.958849968724414,1.0081012290098381,Unhealthy,0.8913986651527157,5.0,Yes,Yes,7.050145636602712,1,7.050125481347685,A,0.9643087558707376
2113,19.0,Female,4.9662939647458355,1.7937491058791184,3.5730863616937496,Moderate,6.169586052058147,,Yes,No,5.01264110533637,1,5.012099469190883,A,0.7625592251228497
2128,24.0,Male,7.869776921723862,3.5670327367702868,3.439614979900375,Unhealthy,4.684696754342819,2.0,Yes,No,6.482684509266512,0,6.482332274147518,A,0.6567127607927264
1303,18.0,Male,4.956327997899564,4.400676587617357,,Healthy,2.9403730931483816,5.0,No,No,6.263910246778491,0,6.263945748943964,A,0.7072648596212424
1255,24.0,Female,7.6653668081874935,3.8431547506480417,5.340526394811687,Healthy,2.6024102282084547,4.0,No,Yes,7.353002848294658,0,7.354117820330265,A,0.29761613637757334
2032,19.0,Male,4.272426119462652,5.90163775612144,4.303054012847524,Healthy,3.376564486475954,,No,No,7.784466143514455,0,7.7843083286947365,A,0.9493010701224266
1986,24.0,Male,6.652834970787783,3.624426580308859,1.7713880039999323,Moderate,2.9456672571374654,1.0,No,No,6.809024283879778,0,6.808973901874294,A,0.07882807530723279
1313,19.0,Female,9.015198500270527,7.348669296804881,1.3152330268680574,Unhealthy,4.293026330395507,5.0,No,No,8.11680255383041,0,8.116559413376823,A,0.6258244593077614
2097,26.0,Male,3.647251409924023,5.152730919654948,0.5658490046002127,Healthy,0.8165359466423268,4.0,Yes,No,6.55188677253005,0,6.550245731235615,A,0.8459283818528465
1222,22.0,Female,6.613019669878774,6.491525702186477,1.1765154472920574,Moderate,3.515868385129068,1.0,No,No,8.357933946916233,0,8.35723264669205,A,0.5770508798706664
1478,18.0,Male,7.103658402052238,6.64409634958577,2.7732474289641758,Unhealthy,5.448611530283616,5.0,Yes,No,7.818842845102905,0,7.819846781708876,A,0.7809150792110731
1389,26.0,Female,5.801934380957304,,2.900711050966858,,2.2162698706306987,,Yes,No,6.354916740084767,1,6.3565086197205884,A,0.6112281499601985
1236,25.0,Male,4.808216685262628,6.557434893475729,2.9251419133699312,Unhealthy,6.079982808653167,1.0,,No,7.096792505575776,0,7.096304176151705,A,0.1778244837320565
1856,26.0,Male,7.071923560788775,6.502750954324112,5.037276220657469,Moderate,3.1173043194556165,4.0,No,No,7.812329454735032,0,7.812261943694047,A,0.7212729897808976
2103,27.0,Female,7.230142083715615,7.043687366000319,4.9564951989907176,Moderate,5.070402765295416,5.0,No,No,7.305240306228228,1,7.303923829424466,A,0.9041803134312038
1306,19.0,FEMALE,4.378853464472742,4.016384806351529,3.844286880273587,Moderate,5.792118839206069,3.0,Yes,No,6.071798719896759,0,6.072999273895666,A,0.73958032506574
1813,24.0,Male,4.228194606514274,6.294631277068032,0.7293575600400368,Moderate,2.740850203401965,,Yes,No,7.283373395752102,0,7.282061466690889,A,0.07491097546197312
1970,18.0,Female,6.888907066784056,4.403774997605853,0.7516570805847866,Unhealthy,3.0951323577641077,5.0,Yes,No,7.303521731638462,0,7.303764701316442,A,0.795769139626882
1250,18.0,Male,8.013124788275581,4.411660980619575,2.6317477653967485,Healthy,6.0858845766418845,5.0,No,No,6.4861060281898455,0,6.4872566129668385,A,0.8007475292041538
1874,19.0,Male,7.695865861398085,6.111922650477532,4.227105139911729,Moderate,3.089956754471872,5.0,No,Yes,8.089030162757227,0,8.087509036477842,A,0.5053570030351376
1072,19.0,Male,5.548969003450503,3.562982598948156,1.0638801946265724,Unhealthy,0.046677701483716305,5.0,No,No,6.319977680561439,1,6.319844768397306,A,0.3321144411656285
1095,26.0,Female,8.587577650317215,2.2364233069539923,1.639594522356149,Moderate,3.7016520969693403,3.0,No,No,6.370820694744899,0,6.370041890916423,A,0.6552175960870651
1868,26.0,Female,5.907838149015349,7.264806024680473,0.5169412440192227,Unhealthy,4.965431584371334,5.0,No,No,7.494295594544791,1,7.494797353018195,A,0.8100135033272438
1034,23.0,Female,5.388160266611419,4.72505366535911,2.1432961284603937,Unhealthy,2.6402167432230463,4.0,No,No,6.8072521821051115,0,6.80659943479403,A,0.35550778344046474
1810,-3.0,Female,8.53590401956502,5.058969599036445,5.657263923730119,Healthy,2.9721526268937564,5.0,No,No,7.159556214730397,0,7.158943818142814,A,0.5114655208908595
1449,23.0,Female,,4.369237484844664,4.030430501656225,Unhealthy,0.290769703192824,4.0,No,No,6.613100081401734,0,6.615321885306377,A,0.0856213303364245
1446,24.0,Male,6.039438889150706,2.935935002640278,4.74943245979873,Unhealthy,3.9214126416886375,2.0,No,Yes,6.726636249901435,0,6.7269785153262065,A,0.2457511462353713
2116,22.0,Male,4.119028132245205,5.02759132335698,1.3569094661759449,Unhealthy,4.621941912427781,3.0,Yes,No,6.494895293364047,0,6.495254725785947,A,0.6889449463477486
1616,24.0,Male,8.254826316168034,8.44949610442226,1.8214844575987454,Moderate,1.8161650041735562,3.0,Yes,No,8.965641473922716,0,8.96650512192398,A,0.6070298321546135
1717,23.0,Male,7.36982560586744,4.300375240988848,5.112673266369534,Moderate,5.4748338806423416,1.0,No,No,6.787316735056222,0,6.787005009043266,A,0.8320077190696871
1078,20.0,Female,5.298450280692148,5.856761099436571,5.497164088122407,Moderate,4.8466778368444094,2.0,Yes,No,7.8335627359106805,0,7.833905923037577,A,0.18917783096636642
1085,24.0,Male,6.294122587740382,6.153448807360618,5.0511022916076325,Moderate,4.104453928820477,2.0,No,No,7.005543379866986,1,7.005211525455912,A,0.7181694497416029
1568,20.0,Male,6.463000983098979,6.304513635041737,1.8502193295316944,Moderate,1.9933744198890113,5.0,No,Yes,7.677379742951684,1,7.678901400948731,A,0.47086669360570055
1083,19.0,Male,6.005420745851639,4.435843714160627,5.1346427242674295,Healthy,-0.07455786974398526,1.0,No,No,7.3239011238548155,0,7.323178868538999,A,0.004883440001247741
1458,24.0,Female,6.555868967993433,5.448377228876226,3.5427194169074743,Healthy,5.102406093587864,2.0,No,Yes,7.051743487991662,0,7.051380472987294,A,0.06801486603425877
1973,22.0,Female,6.79872069247599,4.629764306732621,1.6281674298091169,Healthy,1.9327727742073078,4.0,Yes,No,6.961955939635407,0,6.962024594179869,A,0.2688471951292366
1437,23.0,Male,6.434078160556498,4.610578952981339,3.379806765443025,Moderate,3.2579421035658527,4.0,Yes,Yes,6.165613806748361,0,6.166126351852461,A,0.3777317008865626
1619,18.0,Male,3.5763492041032134,4.706566503788467,0.8744866303455212,Healthy,2.5747203989441965,1.0,Yes,No,7.0016708494856,0,7.001416635268342,A,0.7457105251724274
1942,22.0,Female,5.885526296817048,5.773937715151766,5.402357066843139,Healthy,-0.0709744923919664,5.0,Yes,No,7.9003641491412635,0,7.9005575446256255,A,0.20807127550175208
1405,22.0,Male,,6.2385704621379645,2.072918389822189,Unhealthy,1.5519039248236595,4.0,No,No,7.588321475523342,0,7.588259477713973,A,0.29587980512616563
2074,23.0,Male,,5.1502544569902104,,Moderate,2.2781211286456395,3.0,No,No,7.199772212924714,0,7.198628728579065,A,0.24292511824514296
1814,20.0,Female,6.760727789874348,5.265679745007545,2.8014814899637708,Healthy,1.5629973982701115,2.0,Yes,Yes,7.795043987641929,0,7.796371772523062,A,0.03723398504328801
1859,24.0,Male,6.655915824999289,2.507742620392235,0.8674089794438058,Moderate,3.6919729877153857,1.0,Yes,Yes,6.486019851320895,0,6.485892396339057,A,0.9072785317152614
1105,25.0,Female,7.280298806694037,5.992921384145775,0.39842135632664855,Moderate,0.579459456630457,5.0,Yes,No,7.878510286844952,1,7.878692231273462,A,0.7715755107669744
1585,22.0,Female,5.909903096323839,6.089043549558712,2.825701073460369,Unhealthy,4.0951131446264215,4.0,No,Yes,6.32544813914156,1,6.3242260471538,A,0.19020476417973897
1858,18.0,Female,5.5520163753588765,5.128057072403882,4.148013804204428,Moderate,2.3727250595515863,3.0,No,No,7.0884863464605194,1,7.087633437657593,A,0.1501704185470848
1063,21.0,Male,7.374457080889215,8.160327099917218,3.06946494719121,Moderate,2.9039826679558898,3.0,No,Yes,8.923437709669974,1,8.92466896254933,A,0.5808358281183631
1282,22.0,Male,6.848048475780242,4.765367781285052,-0.5012655633154575,Moderate,5.673281420888135,5.0,No,No,5.962381817350147,1,5.96153857702556,A,0.3412818778164861
1696,20.0,Female,4.823645530698642,4.526315770767492,2.4458169932643776,Moderate,3.139753037748905,1.0,No,No,7.150547119510414,1,7.149095807269593,A,0.7598631773427998
1239,21.0,Male,6.255116581941879,4.868246482094451,2.669015890138076,Moderate,3.0614842983734203,5.0,No,No,6.929071086491635,0,6.928622450938779,A,0.4255022800541953
1224,20.0,Female,5.196118568491292,7.115242992952904,3.063933784618059,Moderate,3.1306315450638342,3.0,Yes,Yes,7.224076723231543,0,7.223961229283858,A,0.15266624029538478
1146,26.0,Female,6.082971905367777,4.539309390371322,2.5826193473142407,Moderate,1.0685997226229622,2.0,No,No,7.267372775434887,0,7.26883358899565,A,0.8815690030493142
2148,25.0,Female,6.835089864720275,2.9092472719480615,2.1586513637342604,Healthy,1.7524550064212256,3.0,Yes,No,6.941774339851177,0,6.9418891958894635,A,0.10775848190462489
1374,21.0,Female,4.475182766703979,4.647274030078347,3.7045910096025727,Unhealthy,3.140811865842307,,No,No,6.865613104178143,0,6.866750766129747,A,0.2897131876148469
1119,20.0,Male,4.083076886161653,5.326160622954892,3.2051611759750487,Healthy,1.1065299204363184,1.0,No,No,7.184932988524471,0,7.182890119183934,A,0.02757796064079643
1849,26.0,Female,7.2905568420394316,6.056222212459677,4.1196273294494405,Healthy,1.837262762591205,4.0,No,Yes,7.628922967228753,0,7.629731852204791,A,0.9772087131483904
1251,19.0,Male,8.141488940865164,2.214784397089751,4.723113524734114,Healthy,2.5857548523990523,5.0,No,No,6.327165763207152,1,6.327565059680087,A,0.5589568408722299
2186,21.0,Female,7.399348418487876,5.852666458391919,0.37722295577471465,Healthy,2.898283894697476,2.0,No,No,7.884976921742545,0,7.884588689450063,A,0.010700008019525198
1010,18.0,Female,,7.389368133684211,2.8913814917541845,Healthy,4.888026687308849,1.0,Yes,Yes,7.305298160734892,0,7.3057003596508885,A,0.23359080526878373
1450,20.0,Female,,4.199306090511187,5.584244825053588,Moderate,2.0338714913820546,2.0,Yes,Yes,7.3253520977309625,0,7.325415904823377,A,0.07369721203144775
1925,20.0,Female,5.744786618798595,4.390799531793522,3.6414543283196172,Moderate,3.1373522595282837,3.0,Yes,No,7.190601745334722,0,7.188642353530466,A,0.4309707965633207
1390,19.0,Male,6.06143648706293,5.170812791213018,2.38840384259335,Unhealthy,4.827597283887335,3.0,No,No,7.049672609201162,0,7.050644821705382,A,0.25445006260530967
1875,24.0,Female,5.30756254747222,6.363739403320815,0.9035041785822324,Healthy,1.0655513369548193,5.0,No,No,7.8854242357177915,0,7.886312685290724,A,0.8848229720731247
1953,24.0,Female,6.5752379638840575,4.757418495438129,4.2136762325784005,Moderate,2.3259325989255277,5.0,No,Yes,7.230254127495988,0,7.229211684175928,A,0.4937528973068017
1558,26.0,Female,4.822776604257916,5.336434099125387,4.098959349698236,Healthy,2.9266565559290525,5.0,Yes,No,6.386242949829907,1,6.385296024173851,A,0.6579636012780745
1461,25.0,Female,6.730905341321818,5.0137598722731935,1.6689149669963195,Unhealthy,4.298991527657082,2.0,No,No,7.097590813933359,0,7.098220215545421,A,0.6865451303547171
2134,25.0,Female,5.599997916501787,6.618973484648182,2.8591622602224516,Healthy,2.341372358752582,4.0,Yes,No,8.47651340488329,0,8.47766721101354,A,0.4068816244557152
1145,27.0,Male,3.166406863125713,6.357889102240932,2.78694058765059,Moderate,1.0177377225397817,3.0,Yes,Yes,7.286479532519963,0,7.288273788123372,A,0.37329253298376674
1502,24.0,Male,5.66454553810412,3.1139262875279448,3.6229195353981805,,4.095628343244819,4.0,Yes,No,6.445582620143032,0,6.44658482755747,A,0.43745482312046113
2137,25.0,Male,5.911733419953469,4.634707937412708,4.18927067777652,Moderate,-1.1016402062016422,4.0,No,No,6.701034529416722,0,6.700788135021513,A,0.05327627788716338
1540,18.0,Male,3.709554350150856,4.19435451565083,5.775618483562539,Moderate,2.0202207739090516,1.0,No,No,7.476720835939254,1,7.477058800132927,A,0.1410307317338546
1178,19.0,Female,7.013355677896559,5.611592554427058,,Healthy,0.6354694037925062,1.0,Yes,Yes,8.087309580271393,0,8.08608276494331,A,0.6825362782943656
2188,23.0,Female,7.245921575745165,3.2229730345065137,3.3754849397856947,Healthy,2.29524161924023,5.0,No,No,5.915754661647279,0,5.9159639383480584,A,0.8605664108328479
1779,20.0,Male,5.026501339169788,4.658705876955169,2.878339265175958,Moderate,3.4492901358268955,1.0,No,No,7.401424833189851,0,7.399589551392415,A,0.10951997373064903
1614,21.0,Male,6.752800253269545,4.812433376210174,3.504935559941014,Healthy,2.5350233569119887,1.0,No,Yes,7.918711846825904,1,7.919269938378627,A,0.09559852865077034
1922,23.0,M,7.4324875507890775,6.513649705601008,2.038476126018655,Moderate,2.9804452559432475,5.0,Yes,No,7.751923863814268,1,7.75314663730175,A,0.858965453560144
1008,24.0,Female,4.21024350412968,4.642345473529546,4.177431433031877,Unhealthy,4.518020805464961,1.0,No,No,7.417189827107103,1,7.416606134429614,A,0.751795259756768
1586,27.0,Male,7.571426979587546,6.753905163605257,0.40004843302788196,Healthy,3.3774227563646813,5.0,Yes,No,7.55590878463257,1,7.5557005257994625,A,0.7031428523891479
1940,23.0,FEMALE,7.426249150843794,6.463984924723762,4.195415535042323,Unhealthy,3.001884934948566,4.0,No,Yes,8.300668387815877,0,8.301762792100126,A,0.7861818900992841
1358,26.0,M,3.2003887764433094,6.934894547927361,2.5258126920472694,Moderate,0.7476948596591639,4.0,Yes,No,7.070017155386808,0,7.070707405521384,A,0.32025112844434855
1330,23.0,Female,5.213958407765907,4.451424821530686,1.4154803047448132,Healthy,2.857432726221579,5.0,Yes,No,6.976818926892315,1,6.976767939713037,A,0.6340064801784223
1827,24.0,Female,6.968870031306675,2.866922350789801,3.2735838220858136,,1.8613991345748644,4.0,No,No,6.281270496055182,0,6.2804545659139235,A,0.3423714711909117
2123,20.0,Male,7.3369859743052,6.099362836156302,1.0752782960945102,,1.7607379604415707,1.0,Yes,No,8.104413410562774,0,8.10614256379146,A,0.3453339852037999
1259,19.0,Male,6.968636715583421,7.306036327846703,2.904368602514028,Moderate,3.9974906731479116,4.0,No,Yes,8.115184928316888,1,8.11473080215305,A,0.5363971168395979
1919,20.0,Female,5.115590100320287,4.1642442094203505,3.646581738899477,Moderate,5.96743450135296,3.0,Yes,No,7.248267328094345,0,7.248925059816497,A,0.5591736053589743
1943,27.0,Female,8.18105823237556,5.726965266967554,4.124325808389219,Moderate,2.5845494421215705,4.0,Yes,No,7.7928215902446185,1,7.792980701801172,A,0.6266502325607795
1893,23.0,Female,5.908568277325329,4.028810857280721,2.067246014093393,Healthy,3.370181953070818,4.0,No,No,5.71254111845181,1,5.711551465805382,A,0.025804860581831623
1631,25.0,Male,4.2774057735185576,,4.91629528761041,Moderate,0.7635747225766636,5.0,No,No,6.497601420322996,0,6.499793602825153,A,0.43279329087118723
2007,26.0,Male,5.479016453140769,4.617253737467818,2.8461210806871304,Unhealthy,5.159198045686488,4.0,Yes,Yes,7.168568155083078,1,7.168903617709508,A,0.39390766964251445
1526,21.0,Female,7.547667920111293,4.501336198490344,4.131965425758913,Healthy,3.1403305154280723,2.0,Yes,No,7.431514184376928,0,7.431988226044374,A,0.8806410219243355
2010,23.0,Male,5.040075541652714,4.124169591361672,,Moderate,5.488537156334807,3.0,No,Yes,6.941028453825622,0,6.941197936402455,A,0.43175871194061444
1860,26.0,Male,6.416241457085435,2.2338193232487127,1.9564813207249747,Moderate,0.18205099055681062,3.0,No,No,6.793579232379123,0,6.792267000759531,A,0.3222713327130726
2009,25.0,Male,6.140416323133561,2.7841880548084528,3.467059693682492,Unhealthy,4.366800788625243,4.0,No,No,5.8746594070192355,0,5.875382935865964,A,0.80880897927029
2170,27.0,Male,,5.527896156227986,-0.3610563914969176,Moderate,4.04823469326082,4.0,Yes,No,7.247183461700735,0,7.24834137493002,A,0.2611455789046211
1441,27.0,Female,,3.7167103206371364,5.1446811787056275,Unhealthy,2.896401607561346,2.0,Yes,No,7.35465607849,0,7.355449304971556,A,0.2539953863347114
1532,19.0,FEMALE,6.992254418815461,3.184401908325817,,,4.280070282482144,1.0,Yes,Yes,6.83383313564876,0,6.834651326553833,A,0.07186600984108071
2016,26.0,Male,6.051909275811341,4.582855560518136,4.141418288821675,Unhealthy,2.6305820905127386,5.0,Yes,No,6.585587047275691,1,6.583969402104841,A,0.5316813156503174
1229,23.0,Male,5.84893061586581,5.70473738480745,2.437816270922613,Healthy,-1.8004514604592154,3.0,No,No,7.724596419922703,0,7.722549766844907,A,0.23361492267387574
2070,18.0,M,8.399395336128,5.160732609258985,1.2333153484486934,Moderate,2.3990001392793676,5.0,Yes,No,6.933960518611144,0,6.9338587980879955,A,0.5609643260208658
1213,25.0,Male,7.1672903285877805,3.7762600280233514,1.640353411084255,,1.5574101964406464,,No,No,7.327578307614748,0,7.325990232953605,A,0.380547590420932
1080,24.0,Female,5.862828194533142,6.109538762619384,2.028884691447574,Healthy,4.916046829474521,4.0,Yes,No,7.173454579275831,1,7.175045894758814,A,0.6868169919623913
1149,26.0,Female,5.689863257427846,5.324307014484032,2.779389750737094,Healthy,4.280634572821585,2.0,Yes,No,6.769437968851765,0,6.76966602034879,A,0.6535913715875568
1622,22.0,Female,7.955460430067787,4.329391112198203,3.5765009389701117,Moderate,2.986614576037939,5.0,Yes,No,6.802809952675712,1,6.804206984050592,A,0.891939406120252
1744,20.0,Male,6.676786796583765,5.19769764051623,6.137503634093232,Moderate,0.5085778313846463,2.0,Yes,Yes,7.799507832634783,0,7.799504902208957,A,0.33789230714600593
1850,24.0,Female,6.487764661249945,3.4622312083337365,1.8719569163076608,Unhealthy,0.3816513794461085,3.0,No,No,7.036317369058177,0,7.03616308978216,A,0.678538626422761
1134,23.0,Female,5.706299729231821,1.711184763788887,,Healthy,4.4318277747667265,1.0,Yes,Yes,6.080437329857351,0,6.07979490036809,A,0.9425644372802915
1888,19.0,FEMALE,5.0303542668193515,4.932900598718198,,Moderate,-0.5626544580308002,,No,No,7.393464533782764,0,7.394244937380252,A,0.1125129546723529
1409,27.0,Male,6.9098104226441635,,3.3518933713401555,Moderate,2.57712702915311,3.0,Yes,No,7.74608383111933,0,7.745357970267475,A,0.6168737542309264
1707,18.0,Male,7.5463212398233415,6.288569087266604,1.0931262601313954,Moderate,3.0353701712458254,3.0,No,No,6.941899405085124,0,6.940380346810203,A,0.6086258252298514
1508,20.0,Female,4.582337149667944,3.98373268146235,,Unhealthy,5.919463430319416,4.0,Yes,No,5.781643579075114,1,5.780699263941107,A,0.8236228882333737
1928,21.0,Female,7.25528480732264,5.4160162695803225,1.6447761941642391,Unhealthy,1.945719247819466,4.0,No,No,7.366666475093423,0,7.3660494002394445,A,0.6698745454454652
1505,20.0,Female,6.838347040872988,5.096884485414832,2.859001838656823,,2.83638694785215,3.0,No,No,8.031828660596442,0,8.03154961822888,A,0.23889504461126865
1709,22.0,FEMALE,5.760568712011167,2.6433533861440734,3.5918991320558105,Moderate,3.1729028504113974,2.0,Yes,Yes,7.19620350740855,1,7.196892225822163,A,0.7114290021886652
1348,27.0,Female,7.157754055570635,6.059798769346742,6.633671851625244,Healthy,5.219046640683947,5.0,No,No,6.974197340306414,1,6.973523436617845,A,0.36991654835907206
1387,18.0,Female,4.619530099717474,5.587244056022161,1.9095084413889796,Unhealthy,7.616123972926965,1.0,No,Yes,7.091870197656428,1,7.092189083520673,A,0.307471646012353
1001,18.0,FEMALE,5.317810361227009,8.797857016613266,5.071918523338389,Moderate,4.099910160133097,1.0,Yes,No,8.636867053280417,1,8.638291433443639,A,0.0999778786559673
1361,26.0,Male,5.990644748261722,4.121932247040435,3.0187706391322955,Moderate,1.991367313640038,4.0,No,No,6.657224673720608,0,6.656886370503169,A,0.07411306633115688
2163,26.0,male,3.8366308896523367,5.577084971877851,2.5176963230191087,Moderate,0.6069867336076658,4.0,Yes,No,6.508494626099478,1,6.509905745794642,A,0.307229882789968
1476,25.0,Female,6.2554617666505425,5.1130993147190935,2.7393564159567596,Moderate,0.12463028190018832,4.0,No,No,7.297753998071527,0,7.298401981135221,A,0.05410028705441505
1842,24.0,Female,7.847213905476487,4.485733020635245,,Unhealthy,5.078793559306229,3.0,Yes,No,7.474897128227143,0,7.473781474225984,A,0.5316918578787055
1794,26.0,Female,5.056764096918764,4.604784124731447,2.4560835743446243,Unhealthy,2.404109043350255,2.0,No,Yes,6.996371760724975,0,6.996387043104124,A,0.11531047467093081
1173,25.0,Male,7.062263334207443,3.701985751847249,2.267970147657098,Unhealthy,2.614359821932361,4.0,Yes,Yes,6.703898638053526,0,6.702467299105294,A,0.9538412722145726
1451,27.0,Male,5.686314165807801,5.010810590564555,3.2564330282812577,Healthy,3.758611332999608,2.0,No,No,6.8148475524327194,1,6.814280272633231,A,0.6061496346662488
1126,23.0,Male,7.489039543755036,4.996624633243764,5.025255076893018,Moderate,5.95712670393573,2.0,No,Yes,8.057056322590201,0,8.056219163627068,A,0.6020630078329801
1673,24.0,Female,6.763501912615933,,3.306521530813431,Moderate,1.0529405081707428,5.0,No,No,6.571991889951186,1,6.572507958488861,A,0.6512781114139471
1531,23.0,Female,5.001128035186337,4.006632771013111,3.8279323444583984,Moderate,5.623087553901408,3.0,No,No,6.3462316051993986,0,6.345265700707773,A,0.5348640455415051
1091,22.0,Male,5.62953017359043,4.384199017977478,3.934936599377956,Moderate,-0.964062184161401,4.0,No,No,7.019320598857127,1,7.019378859585394,A,0.8253849902347975
2191,22.0,Male,5.077778503361219,6.3902838703648115,5.677422184320207,Healthy,2.0312936102128716,4.0,No,Yes,7.763419684331973,1,7.762457421758164,A,0.4389533717708223
1182,19.0,Male,9.271813306508093,4.269329658777233,2.4499818095242167,Healthy,6.597238574542676,3.0,No,No,6.678863273132319,0,6.678675005756353,A,0.1820766961888466
1693,27.0,Female,6.297617895919457,4.337462308740509,0.39386710640683376,Moderate,2.3555022974207667,4.0,Yes,No,7.217449579056507,1,7.216739709729054,A,0.7635104880996915
1415,18.0,Male,3.842975154748397,5.69824516124942,4.116500383124514,Unhealthy,1.956684058182795,2.0,No,No,7.193120441206994,1,7.195275728805283,A,0.026973818533914895
1252,22.0,Male,5.477409432841288,3.981531028472027,1.9019881006414283,Moderate,2.6911189229248733,4.0,Yes,No,6.952357228340472,1,6.953365085770962,A,0.23525994592694244
1070,22.0,Male,,,2.8091200365220685,Moderate,2.6607478613275855,1.0,No,No,7.781360417010966,0,7.781393845065313,A,0.012789264022986413
1132,23.0,Female,7.514579730178225,8.31596131608986,1.8153658798128303,Moderate,1.0489866787098294,5.0,No,No,8.0673345209759,1,8.067005538684148,A,0.1913247758328236
1301,21.0,Female,7.6862638909583785,4.366158525801881,0.42636257343252515,Healthy,2.0447995984696323,1.0,No,No,7.167850992649854,0,7.168326315522733,A,0.0030776010155260103
2171,24.0,Male,5.910151008611401,5.70687568676884,2.417499145301031,,4.01030494752219,4.0,No,No,6.855098819966079,1,6.852733285746685,A,0.6864288469288122
1327,20.0,Male,5.76044829416947,3.0807548061291534,1.1767457117314573,Healthy,0.9354670891204266,3.0,Yes,Yes,6.536955014036035,0,6.5383639309711565,A,0.1904337240292413
1897,23.0,Female,4.763594508301981,5.161173054045975,3.5725358017194204,Moderate,3.0259014476740185,2.0,No,Yes,7.571878527508816,0,7.571198751128421,A,0.1132575830732897
1500,22.0,Female,8.657945241107676,9.589296843495235,2.0573883319547015,Moderate,4.410489169735138,1.0,No,Yes,9.434093510678055,0,9.433431040579443,A,0.6627007035505739
2080,26.0,Female,7.6311123450797504,4.439835550475728,2.9715261004787075,Healthy,1.5471956628456205,1.0,,Yes,8.659926375100383,0,8.659291368571196,A,0.572244317945962
1972,22.0,Female,6.078170317828048,4.5779450121414484,3.5495054534010917,Healthy,4.134765518364297,2.0,No,Yes,6.543359614526803,0,6.544885735335578,A,0.2703091788714289
1496,22.0,Female,6.654345910989519,3.6653145105542038,2.8523738870133295,Moderate,3.613119651284178,2.0,No,No,6.359823308886446,0,6.360489377076757,A,0.5025439290167611
1339,20.0,Female,8.090176074649806,6.253065490853347,0.7165286540879103,Healthy,5.961598802756332,2.0,Yes,Yes,7.7798832124062445,1,7.780382876895199,A,0.42362472498665893
2020,19.0,Male,5.297149105080539,3.996635989994871,4.932099105393277,Healthy,1.7033735327531727,,Yes,No,7.4236719531169175,1,7.423000489356385,A,0.9438421273637037
1165,22.0,Female,6.351428846804408,6.623527894687603,3.4231318362523195,Healthy,6.1361649231532205,1.0,No,No,7.804368839171501,1,7.805430502344582,A,0.031985193779737076
1029,23.0,Male,6.192015060320297,2.510168177870468,5.701485901033106,Healthy,2.8470183583138517,1.0,Yes,No,6.141759340848797,0,6.142075816562991,A,0.07712943329417465
1517,26.0,Female,4.699196716661794,5.45837028785372,4.66151600922564,Moderate,1.8041912767686075,5.0,No,No,6.602088457444103,0,6.601203837986452,A,0.1833233767300173
1194,21.0,Female,5.89147366348611,6.259352136161378,1.0922172232486727,Healthy,4.605415635912772,3.0,Yes,Yes,7.245617854113875,0,7.2459286340707045,A,0.4279189441451754
1667,23.0,Male,7.396726461372146,4.8502481292568245,4.743694507022994,Moderate,0.5802471776538658,4.0,Yes,Yes,7.5333882080139825,1,7.532831339488736,A,0.8597729960259071
2004,26.0,Male,4.448928675307814,4.5752550066702415,3.268337567557771,Healthy,1.9903277984177312,5.0,No,Yes,6.372602820608404,1,6.37381420218073,A,0.3727513826791602
1170,18.0,Female,6.824114521036744,5.218272208003393,2.437807387814875,Moderate,5.349018879923564,2.0,,No,6.807715832438521,0,6.808242755457059,A,0.6144142223801891
1746,21.0,Male,7.022550003148901,3.780538963039729,-0.5670809441262006,Unhealthy,2.51718024084012,2.0,No,Yes,7.384148913329829,0,7.38495377967837,A,0.8965893747463688
1653,20.0,Male,7.297224409087917,4.053557604301804,4.814281053664329,Unhealthy,6.092827034612487,4.0,No,Yes,5.421117370314763,1,5.422281064671389,A,0.4063328673210873
1174,25.0,Male,7.289465612519815,2.567112309754686,5.31667421717801,Healthy,3.262569560908679,3.0,Yes,No,7.319638237928853,0,7.31884336593789,A,0.10076470716922103
1519,22.0,Male,5.854626384371433,6.128575599069017,3.1167850864009563,Moderate,3.4777632821512934,3.0,No,Yes,7.4568289221980395,0,7.456939745722346,A,0.9839216312683395
2089,24.0,Female,7.310173591873878,7.911300408772803,,Moderate,3.3545627482666807,5.0,No,No,8.248443952654936,0,8.24867174395506,A,0.1329524689095044
1738,21.0,Female,7.785565446715538,4.21664228068624,4.64421354953301,Healthy,2.752764623544859,5.0,,Yes,6.641882398593381,1,6.644175903916707,A,0.47620219456689983
1492,26.0,male,4.619387491297464,7.3630649741533105,,Moderate,1.3719841926671188,1.0,No,No,8.636524532445957,0,8.634918426756167,A,0.32240953538032124
1074,19.0,Female,7.1846444433661825,5.414621546380632,5.004569186815236,Healthy,4.37400992555688,3.0,No,No,7.748754406416139,0,7.749272918068286,A,0.7847781680504067
2031,22.0,M,6.707608567582671,5.875679817939423,,Moderate,4.956798357279778,2.0,No,Yes,8.106678816100755,0,8.108231496031992,A,0.1028351515867747
1588,18.0,Male,5.757264136890364,6.132292838711065,5.181777061438555,Healthy,4.654943025132179,4.0,No,No,6.916356089048383,1,6.918238168780599,A,0.41364993901810154
1658,24.0,Female,7.423083449644554,7.251853795740816,3.813773165303326,Healthy,2.576316012936618,2.0,No,No,8.525095236100778,0,8.525806241019914,A,0.6496758225775019
1235,22.0,Male,7.190655811999874,2.129330397756611,4.258802032728395,Moderate,0.8372649613463015,5.0,No,No,6.800468506252664,0,6.80133644611069,A,0.5697099061679207
1215,25.0,Female,6.849477700216855,6.899456835754048,2.89324951672037,Moderate,2.6321530142346905,1.0,No,Yes,8.26687472658352,1,8.266501456121764,A,0.6356829260992847
2003,23.0,Male,9.875179097886468,5.0450098077964105,-1.60954540623195,Moderate,-0.6415534554595062,2.0,No,No,8.80370804493871,0,8.80440920665687,A,0.629031688711347
1133,18.0,Male,4.609256807395262,4.816874168042912,,Healthy,0.6021376397550378,2.0,No,No,6.593610076467542,0,6.593717182332414,A,0.9924082488344622
1819,24.0,Female,6.537256640586265,3.931918750725555,3.7122244842946373,Unhealthy,0.8235816515742793,5.0,Yes,Yes,6.747505021512772,0,6.74946058235134,A,0.2924081602001163
1771,24.0,Female,4.879881058248294,4.210239955225828,3.86599911267702,Moderate,5.699688235011859,5.0,Yes,No,6.642696113611653,1,6.6419377601016505,A,0.6198205445793368
1995,23.0,male,7.312981810509672,3.4706232377488355,4.187248398127237,Moderate,3.341705509834459,5.0,No,Yes,7.210136691068241,1,7.2106911951523855,A,0.16424142415147758
1186,22.0,Male,6.369025818126398,5.749682156443698,4.949020395830311,Moderate,2.4846358677837346,2.0,No,Yes,7.909164797886834,0,7.907884251309246,A,0.3185969913871113
1042,25.0,Female,5.690945045930589,2.528755551428842,4.209150325200205,Unhealthy,1.6493244450123377,3.0,Yes,Yes,6.00431674321535,1,6.002507055212441,A,0.06350078724999064
1109,22.0,Male,6.050066372181037,5.491619704927924,3.850756060529541,Healthy,2.039458351513171,1.0,No,No,7.297824389640437,0,7.296290427628168,A,0.3676452428636199
1899,18.0,Female,6.827435021630928,5.495779292881393,4.629488875309548,Unhealthy,2.0644104886435204,5.0,Yes,Yes,7.353742337591737,0,7.354155163898894,A,0.3587933715894335
1569,24.0,Male,6.242749868353863,6.767277279225777,3.5246577265725887,Healthy,3.193835375090945,1.0,No,Yes,7.897508787196213,1,7.897437123140977,A,0.7265759792020422
2085,20.0,Female,6.434354675780875,4.192551357025026,3.255036471381856,Unhealthy,4.381209655897032,1.0,Yes,No,7.632229497355375,0,7.630922921488801,A,0.45207791215603976
2043,22.0,Male,5.952612564661571,6.064492798456815,1.4131856032036878,Moderate,1.9929526623319749,2.0,No,No,7.987361387382844,0,7.988097136912605,A,0.4616968857452247
2184,22.0,Male,5.669876308397225,6.5734292995421635,1.1546097786021348,Unhealthy,0.03759030333436009,3.0,Yes,Yes,-2.0,1,-1.9987932148927656,A,0.4346424233848224
1484,25.0,male,7.90344577675266,4.068767921479117,2.1507160877099993,Unhealthy,-1.8106576479949226,5.0,No,No,7.149313865999773,0,7.151108579691187,A,0.29697571662213196
1469,19.0,FEMALE,6.675125952973729,6.455746971295596,3.8808864926172606,Unhealthy,2.551737529301155,3.0,Yes,No,8.181465662264829,0,8.182520098072434,A,0.028311350137035673
1025,25.0,Male,7.235558456569519,6.6846419456623085,1.8005138665535338,Unhealthy,2.8787832249435246,4.0,Yes,No,7.211043613455047,1,7.210450561162804,A,0.5545971301931053
1694,27.0,Female,7.752492077264593,4.288230599571442,4.676361295399734,Healthy,2.1832360774270567,5.0,Yes,No,7.681255982113789,1,7.680180633490171,A,0.47673288759227106
1714,25.0,Female,8.670697450499325,2.4119686069884447,2.6407520466198804,Moderate,1.493339424196996,3.0,No,No,7.007832480462023,0,7.007267921625591,A,0.021347544877200808
1921,26.0,FEMALE,7.726888670432567,3.8892262692483204,3.088639999537526,Unhealthy,3.8609052613143198,3.0,No,No,7.339785871054537,0,7.339190361735422,A,0.9807481225906534
2041,25.0,Male,7.797027445941046,2.7264621177297927,2.826490736280825,Moderate,0.15068024449997441,2.0,No,No,7.295913392065796,0,7.295809204512395,A,0.25274100144435085
1367,22.0,Female,7.16643227421029,3.245584996281759,1.415601887563998,Healthy,6.775519105280223,1.0,No,No,7.047986043987288,0,7.047777245780866,A,0.6960016457257276
1889,18.0,Male,7.890739498852279,2.8922534589845594,0.9836454044749026,Unhealthy,-1.603823528101211,4.0,No,Yes,6.747612988583693,0,6.747050684008137,A,0.6254781852170899
2082,27.0,Male,5.755377655221606,4.506620194499934,1.7469295667279445,Moderate,3.223227573490089,2.0,No,No,7.054704808637766,1,7.056327862876449,A,0.43607774685708667
1384,20.0,male,5.536111889657954,4.295202126170641,0.044977452042636035,Healthy,3.1848415877180387,4.0,No,No,7.108189456207427,1,7.109753315521278,A,0.9722212907685502
1455,23.0,Male,0.0,6.129308250723321,2.5185302394244165,Moderate,2.981969588790661,3.0,No,No,6.925160467672159,0,6.92441962396573,A,0.7919355078990509
1265,27.0,Female,7.285591434137343,3.774810231094616,3.352934563754804,Unhealthy,2.6523107815104687,2.0,No,No,6.651874795497654,0,6.650351776165185,A,0.03345091140828127
1999,27.0,male,8.061390018382436,,3.4777171001948712,Moderate,2.0140254689756283,1.0,Yes,No,8.19724208345126,0,8.196423483079858,A,0.11067003104038386
1233,18.0,Male,7.223182935567799,6.856825531878096,0.510604742510393,,-0.3247612546565457,,Yes,Yes,8.01538363474471,0,8.015583404079365,A,0.24673679202981835
1445,23.0,Male,6.238778367878412,5.417499409355757,1.7429712293614723,Moderate,0.8920380257338683,2.0,,Yes,7.3281432355251495,0,7.327760752126881,A,0.1809832338848848
1396,26.0,Male,6.325027450293421,6.307963249578511,1.7566872557995927,Moderate,0.08447755113886801,4.0,Yes,Yes,7.679189202127185,0,7.6779256135651845,A,0.5305996816999192
1782,24.0,Female,4.336572564298541,5.558488340090458,3.537689364550152,Healthy,5.728845224189144,3.0,Yes,No,6.87198075665403,0,6.872217048852627,A,0.7935901783588653
1177,25.0,Female,5.542540683657806,5.72036172876765,0.618760764403048,Moderate,5.613758637670767,5.0,,Yes,6.951569651890924,0,6.950806054233295,A,0.3414762038674761
1019,26.0,Female,5.539745964077779,2.700702682470939,3.117675196166867,Moderate,4.404973997093701,1.0,Yes,No,6.319820100738727,1,6.320269617884379,A,0.8373704228929144
1742,25.0,male,5.1069056523359135,5.0669874214452,3.0004051561322695,Moderate,4.0438809151127115,,No,No,6.886308333900251,1,6.886041324361159,A,0.893512000037027
1862,27.0,Female,4.733825178410977,4.11203178840503,4.091300540438699,Unhealthy,2.1410280678992426,4.0,No,Yes,5.794037105272608,0,5.793249852943265,A,0.08322093448254864
1596,26.0,Male,6.5845029527927466,7.926415224030038,3.6840182731636926,Moderate,0.38967713362152745,3.0,No,No,8.50228122544272,0,8.502831199399347,A,0.7601479264864329
1062,25.0,Female,7.128741145031205,,6.033163426280214,Unhealthy,3.4052101086691247,3.0,No,No,8.355583201645457,0,8.355246739025578,A,0.9896134848786343
1273,19.0,Male,5.972014754564349,4.506185902461488,3.8672323752967825,,5.18362185083784,1.0,No,Yes,6.371754467555644,0,6.374406759243631,A,0.06447861179206271
2195,23.0,Male,7.951117482110453,5.871798217991379,1.519530366305892,Moderate,2.2380248118062656,5.0,Yes,No,-2.0,0,-2.0001760876965595,A,0.4625262101746933
1279,18.0,Male,4.831177484029693,3.545902133392069,,Unhealthy,1.8090760935651256,,No,No,6.539720996118037,0,6.5376499726092385,A,0.4818472358468181
1891,18.0,Female,6.939741375885861,4.44444408550834,3.8847753694729086,Healthy,0.5185845415162036,4.0,No,No,8.068702013523884,0,8.068695820829374,A,0.9602126239769673
1695,18.0,Male,6.972052244304916,3.992228390358191,5.266704849538702,Unhealthy,0.5950888409002695,3.0,No,No,7.268561221611215,0,7.268983413261359,A,0.15383368525624996
1369,18.0,Female,7.677775699169739,,3.5269645139818766,Moderate,2.3769082764575433,3.0,Yes,Yes,8.215115223426496,1,8.216333867015514,A,0.7564192924904063
1938,19.0,Male,4.442616925404654,8.092698729097412,4.628414104461088,Moderate,1.423488082758435,5.0,No,No,7.840671543689835,1,7.840700241798914,A,0.49076337453487895
1894,27.0,Male,4.327744014695821,7.466452565350536,2.598308139487226,Healthy,4.6567460970131,2.0,No,No,8.1251987945047,0,8.124546377580304,A,0.8553297238431848
1910,18.0,FEMALE,6.186125718720318,4.434210687816393,4.330239493198805,Moderate,-2.5131626217137537,1.0,No,No,8.003124588688348,1,8.003211310061879,A,0.6986379387278516
1757,25.0,FEMALE,30.0,5.500323517454308,1.9262138343281499,Healthy,1.0429764211409638,2.0,Yes,Yes,7.464985757712672,0,7.465016201636349,A,0.2142999511211381
1815,25.0,Female,8.390099393130477,5.940664400223748,2.2913396818913627,Healthy,4.079688195829172,4.0,No,No,8.63654015700634,0,8.638240366095017,A,0.5735930241189825
1548,23.0,FEMALE,3.7691163155338976,7.831885957294199,3.837772772411344,,2.876973980948466,2.0,No,Yes,8.293745162464374,1,8.292975627484534,A,0.043468098181245085
1931,23.0,Female,6.61351103954924,4.1255091745038985,3.4851975764259153,Moderate,4.956756940654381,3.0,No,No,6.946370557563042,0,6.947073717308903,A,0.7050456231485226
1689,22.0,Male,6.140794510697933,3.6446983301355917,3.7235793559986785,Healthy,2.548705957099904,1.0,No,No,7.46692826019764,0,7.466791868420425,A,0.49049048292269126
2081,27.0,Female,7.090756294325644,6.659009437254179,2.936542911491102,Moderate,3.1701206880616315,2.0,No,No,8.50466224399428,0,8.505986899670829,A,0.5575254321026822
1457,19.0,Female,7.1928830930231,2.688898255603877,3.293071373908198,Unhealthy,2.544188335288596,5.0,No,No,6.947029230577646,0,6.945229265111332,A,0.40730312852481476
1394,23.0,Male,7.425839911714303,5.497312542700539,4.474859954168107,Unhealthy,2.55283822565214,4.0,No,No,8.015698709580606,1,8.018114155742417,A,0.9015389084208135
1676,25.0,Male,5.419169379544789,4.892002111340317,3.9611777013789626,Moderate,6.0307466207249725,2.0,,Yes,7.55711148039476,0,7.556184626030056,A,0.9049466068483374
1965,27.0,Female,7.006746822950431,3.9892224677291592,1.943760093638226,Unhealthy,3.839205220772662,1.0,No,Yes,7.358936967842831,0,7.358771848192658,A,0.2711929358043095
2107,20.0,Male,6.999641777766747,,-0.8411060784879325,Unhealthy,3.253971687891851,5.0,No,No,6.225693313006163,1,6.22506939071538,A,0.6868839673544731
1376,18.0,Male,8.319642376070403,7.088106381461382,5.220679550896028,Moderate,6.169624295029694,3.0,No,No,7.981397981708413,0,7.980805118979133,A,0.9748255407742065
1413,20.0,Female,6.535308290701967,5.8338680469491635,3.4690688689122027,Unhealthy,1.529673775724181,5.0,No,Yes,7.463952407196721,1,7.462758013404178,A,0.39080460106956927
1075,24.0,Female,7.241828857598361,6.493308992244023,3.3560071556907705,Unhealthy,3.084557153339096,,No,Yes,8.569509225333205,0,8.568383859941436,A,0.7127783435934174
2151,21.0,Female,7.095344849706543,5.5351344354625365,2.1247149318134393,Healthy,2.9241357353171566,3.0,No,Yes,7.008270095485086,0,7.009010776519081,A,0.39233850741086496
1913,21.0,Female,6.458630161958441,6.441640229180324,3.3865435819148333,Unhealthy,6.397213703260704,4.0,No,No,8.010438410924412,1,8.01187880597801,A,0.11133238841085491
1501,19.0,Male,7.929667568349697,3.3708896260812815,3.272147096925543,Unhealthy,5.555034251066917,4.0,No,Yes,6.65547040242629,1,6.655715940811063,A,0.665407116479567
1847,19.0,Male,4.982549609662503,5.06180910017243,5.142507459395869,Unhealthy,1.0106312865284666,3.0,No,No,7.469824985429617,0,7.469467388801287,A,0.06610003241986184
1617,20.0,Male,7.471033678223807,4.8654038451325725,4.806761327409234,Healthy,3.1160440669848106,2.0,No,Yes,7.983000516765193,0,7.983861415161489,A,0.9316828139709228
1115,23.0,Female,6.936437780411556,6.143223862938029,1.969593567501231,Healthy,6.580847205446901,2.0,Yes,No,7.759237251313049,1,7.757637759112458,A,0.799603183658746
1418,19.0,Female,6.316368948552544,4.00839635628929,2.6165404424283065,Healthy,4.4527748081789325,2.0,Yes,No,6.790997755445123,1,6.791086475858841,A,0.19927845375536524
1602,25.0,Male,6.326858745775694,2.6000759988734825,3.4562256692792657,Moderate,0.19484889650962245,4.0,No,No,6.406844993995343,0,6.407053742363157,A,0.5927448541916276
1605,26.0,Male,5.3986957550989825,8.047100247167755,2.858818403148272,Unhealthy,4.897274873094608,5.0,Yes,No,7.944321482858224,1,7.944475986107352,A,0.8042102085239773
1090,26.0,Female,6.862364891023125,3.758623638898008,4.0786395691325055,Healthy,4.538411555684348,4.0,No,No,6.649864824878713,1,6.650687800105057,A,0.8072929575138921
1873,19.0,Male,5.9449331404105035,6.645991260804301,,Healthy,2.16841259576233,3.0,No,No,7.753730855594098,0,7.754072379990259,A,0.7971185862939543
2178,19.0,Male,6.2719139925191065,5.5280044309064476,2.8320647486525297,Unhealthy,3.349930578493023,1.0,Yes,Yes,6.9917356913813045,0,6.9914335953496165,A,0.20630998901826092
1499,27.0,Male,6.376805490751241,3.8248984191550695,2.0218881458958085,Healthy,4.967168912566882,5.0,No,No,6.576420577943602,0,6.577181794493783,A,0.7069439640037537
1927,23.0,Male,6.7341247677714655,4.674284580385529,5.63932090417395,Healthy,3.8661133596141677,1.0,No,No,7.093740736933364,1,7.091744044888589,A,0.49558978067553616
1934,24.0,Male,5.534568043730224,4.908615417938098,-0.2285487342814272,Unhealthy,2.637954879885085,2.0,Yes,Yes,6.9180845777716184,1,6.91821809115201,A,0.9643720432640257
1932,24.0,Female,7.441626459358024,5.930558590897037,0.9404240106470372,,2.8120601259557882,3.0,No,No,8.000059624607221,1,8.002908449734534,A,0.2894853986634326
1012,27.0,Female,4.579752981147827,1.3411255421410768,0.1530967222477555,Healthy,-1.0917197342180263,2.0,Yes,Yes,5.683501302457493,0,5.6834057703484895,A,0.6614787426125196
1397,18.0,Female,6.029552244955122,3.9583021371119704,4.964288454771601,Healthy,-0.30425764276878464,4.0,Yes,No,6.891000362617499,1,6.891268281741849,A,0.788830969004084
2115,19.0,Male,5.844154648365946,6.706935154100073,1.5906558872208616,Moderate,6.5363439357895565,3.0,No,No,7.8939271292359745,0,7.892288062358079,A,0.2747596535926964
1556,23.0,Male,4.893941106411386,6.368228593965168,1.8996354847484391,Healthy,3.2124175556324226,4.0,No,No,7.293027176572612,1,7.292896166138059,A,0.9925334621708327
1043,25.0,Female,5.64519552270475,5.4360997668002335,0.5283342883432933,Moderate,5.697156496170582,1.0,No,No,7.165276300445943,0,7.162445279846603,A,0.7075990162019328
1168,19.0,Male,5.210280783418743,5.813292928586384,4.052026257517239,Unhealthy,2.527955654633496,3.0,Yes,No,7.386128438058368,0,7.383775685752086,A,0.8241853339971567
1417,27.0,Female,7.927546406345172,7.256760077883841,3.49111664279631,Healthy,2.6600360712519424,1.0,No,No,8.50975999939884,0,8.509598775009136,A,0.3379484153861816
1577,27.0,Male,6.033640182719818,7.463990440154351,2.780828952608182,Healthy,0.3799975416382386,1.0,No,Yes,9.189929090452,0,9.190176603307807,A,0.269622424768186
1268,21.0,Male,5.385212999443304,3.5206398342251037,,Healthy,5.539373137761968,2.0,Yes,No,6.065160219940315,0,6.064336150770716,A,0.08496025934161089
1992,200.0,Male,7.221151141639877,,5.435380766959329,Healthy,0.47738793409647684,4.0,No,No,6.2652018028781225,0,6.264963024095874,A,0.4655385659895781
1427,26.0,Female,4.836269296075768,7.219385560476402,3.425162153616956,Healthy,2.3764147460668203,4.0,Yes,No,7.946206768383437,0,7.947537812350225,A,0.19931945506412285
1691,27.0,Male,7.070153680817611,4.323236964140879,1.814198325415621,Moderate,1.8223073652282034,5.0,No,Yes,7.134420827285799,1,7.132060788767136,A,0.3040688027600028
1545,26.0,Male,7.729906031750479,3.2013243107821547,5.203145616981873,Unhealthy,6.103008890622951,,No,No,7.1298696179552765,1,7.130382859446545,A,0.08006199712078244
2152,23.0,Female,6.939599520380052,4.543283288380209,5.454637818512497,Healthy,1.116872004484941,1.0,No,No,7.380013627816497,0,7.381233915341082,A,0.5732935651303658
1675,24.0,Male,8.273934722859272,3.747723270842747,2.8818963116409333,Moderate,3.1149916059059968,3.0,Yes,Yes,6.705462396061782,1,6.703813254786998,A,0.8443340312084617
1690,25.0,Male,7.3065371781157245,4.886342785310263,0.24523469643739082,Healthy,2.0379528809173184,5.0,Yes,No,7.485255525397314,0,7.484628187976196,A,0.29941342562546913
2084,23.0,Female,5.6064519722737245,6.4678892954974465,1.8523558096538746,Healthy,1.919311627950568,5.0,,No,7.077050608934468,0,7.076814356469698,A,0.4909659850294138
1152,20.0,Male,8.703471007676024,4.120226523620054,1.7089754352532118,Moderate,3.3938748678842408,2.0,Yes,No,8.096631814441494,0,8.097006958870802,A,0.6899377909810886
1160,25.0,Male,4.624538785592181,2.2992819623987293,4.366842007785971,Healthy,4.797242228321399,2.0,Yes,No,6.161888440965818,0,6.161332393514984,A,0.6541535737332509
1935,22.0,Male,4.3302271437551045,4.3379265314510755,3.360632031192136,Moderate,2.7548405241888387,2.0,Yes,Yes,6.577844187848497,0,6.578702622304293,A,0.2947366544488952
1258,19.0,Male,6.24870940755247,3.975362297622238,4.847969104897533,Unhealthy,4.527131608133109,4.0,Yes,No,6.3051914116815695,1,6.304633922960526,A,0.4554604678193276
1990,25.0,Female,5.2093132566283815,3.791422750080812,3.5375289765210542,Healthy,1.6373467814691605,3.0,No,No,7.596381749063244,1,7.5958276815283154,A,0.4261314973457936
1336,-3.0,Male,5.082225118485416,3.7070264670299373,3.4815690137472535,Healthy,2.779182801993503,,No,No,6.683061981784438,0,6.684157934058136,A,0.44600050461723306
1016,25.0,Male,7.000966350490417,4.869942948736814,0.9936844600606589,Moderate,2.627810105606591,4.0,Yes,No,7.552710930190063,0,7.55328290020931,A,0.5392296757207439
1954,22.0,Female,6.629041016064361,3.9950073546826665,2.760580998718991,Healthy,0.513063616916861,3.0,No,No,15.0,0,15.000099645766863,A,0.528329991668681
1325,27.0,Female,6.894041567397846,6.9302633939682545,2.6068436658830563,Healthy,1.832847375056869,2.0,No,No,7.74381040879344,0,7.744621902535413,A,0.9612296426379177
1608,23.0,Male,6.586421170300462,4.920045696513268,3.910580152155828,Moderate,2.945231103175243,2.0,Yes,No,6.862525520560573,0,6.86077558791337,A,0.609911037134006
1128,25.0,Male,5.973135307874075,3.947349580599826,2.8715890533882784,Moderate,4.159186821356223,2.0,No,No,6.761731515149919,0,6.763156979323169,A,0.164655265191898
1835,26.0,Female,5.863013806244423,6.537135100626159,1.4788962106720809,Unhealthy,2.5247919139179666,1.0,No,No,8.285276516720888,0,8.283671973638652,A,0.22943110567610459
1980,23.0,Male,6.973085179330437,6.17319235864211,1.5498097182509483,Healthy,2.4010379430062256,4.0,Yes,Yes,7.133345953329015,0,7.13373503982025,A,0.4267012595258094
1223,25.0,Female,7.9985093268926075,5.124077302794784,2.5059126938809584,Unhealthy,1.854175210716297,2.0,Yes,No,8.411302398513907,0,8.411347705337391,A,0.7330606735503175
1180,23.0,Female,5.8679415296645505,6.181224056578288,3.947707048817893,Healthy,2.1303146004648474,5.0,Yes,Yes,7.694852318264921,1,7.694536887617698,A,0.8285058299413393
1100,19.0,Male,5.963410811204064,3.2166797696035925,3.4721194583843817,Healthy,1.5469611501730507,1.0,No,No,7.181340561275359,1,7.1820165132363085,A,0.7767201227715763
1758,21.0,Female,7.7322868955847435,5.2782699598771154,3.1502143686901145,Moderate,2.4791970211446284,3.0,Yes,Yes,7.492742468062867,0,7.492686106961648,A,0.9477479842464528
1522,19.0,Female,7.268256391194511,5.455200351225004,2.9703632102462225,Healthy,5.31989830615978,1.0,No,No,8.11773778210954,1,8.11987080387949,A,0.4947339495276596
1762,23.0,Female,5.06912560346908,5.834924998516332,2.3362905857249836,Moderate,1.586446333255681,5.0,,Yes,6.963983933078602,1,6.9657677899165025,A,0.47881511733775006
1023,19.0,Female,6.120562754502575,2.5867899360950424,1.4645283574501637,Moderate,0.47515678067443856,1.0,No,Yes,6.521453130428033,0,6.522040144433188,A,0.12034658703803136
1357,19.0,Female,4.978383299787204,5.263550684247275,,Moderate,-0.36906267551898564,4.0,No,Yes,7.006373238311683,1,7.0047537352185545,A,0.4544609061484737
1734,25.0,Female,7.0436225075746055,4.015270839771914,,Healthy,0.8693016100224926,,Yes,Yes,6.91948547412634,1,6.9185756527011,A,0.28150914991566967
2038,18.0,Male,6.287768967712645,6.237406834421154,3.06620834499839,Healthy,4.008823994925849,2.0,No,No,7.947685287519602,1,7.948991845960589,A,0.6753861680086409
2141,26.0,Male,6.943229671639886,5.24228697823077,4.0879860947199385,Healthy,3.605779603696764,2.0,,No,7.271940091267648,1,7.272503565550621,A,0.24501260137216652
1612,22.0,Female,6.856299044883335,5.476998041621071,,Moderate,3.009973517025236,1.0,,No,8.337399787933947,0,8.334940079085559,A,0.6356840707440323
2048,24.0,Male,7.6755024093871675,1.9663294159347808,5.986480319832959,Healthy,0.9978025533935599,5.0,Yes,Yes,6.03412395640728,0,6.03472939342641,A,0.03808951041815367
1341,24.0,Male,6.245919436946727,5.31629690313213,0.572659095722412,Healthy,-0.8800923814503911,5.0,Yes,Yes,8.165938827925363,1,8.165106778948955,A,0.8957249965310168
1432,25.0,Female,7.04304610277551,6.013409949746718,,Moderate,4.124187166599052,2.0,Yes,No,7.582407005847659,0,7.583117441026643,A,0.19928234396824585
1826,18.0,Male,4.8677078748893905,2.956923753721022,5.395541789776474,Unhealthy,2.363105932378656,1.0,Yes,No,6.905647716204743,0,6.907277091377545,A,0.4996754712192716
1218,18.0,Male,3.059534055460708,6.451998206830797,,Unhealthy,0.010439623556250055,1.0,Yes,No,7.565476210752551,0,7.564978854022176,A,0.9555618904688526
1204,24.0,Male,8.094357280219324,5.659274216437143,3.6692115063715116,Moderate,6.531610194916046,3.0,Yes,No,7.260969169844074,0,7.260979379130637,A,0.8988669186734501
2198,27.0,Male,5.302371688047346,5.170055807037835,7.286209613197059,Unhealthy,1.6126947273032242,5.0,No,No,7.636255648391209,0,7.636805462171581,A,0.7684005326733794
2178,19.0,Male,6.2719139925191065,5.5280044309064476,2.8320647486525297,Unhealthy,3.349930578493023,1.0,Yes,Yes,6.9917356913813045,0,6.990564512825075,A,0.13912703908374524
1094,21.0,Male,6.453754085787905,4.093102075730689,5.87315203735929,Moderate,5.591897650381191,5.0,No,No,6.235334395574353,1,6.2358220012980015,A,0.19836498572011663
1844,18.0,Female,,5.4806742707690566,3.367164425697985,Unhealthy,0.9225319159435292,,No,No,7.577878290268653,1,7.577281002872757,A,0.01436520708330058
1069,18.0,Female,,3.4725267014581127,2.020805559231308,Healthy,0.4408882653923416,4.0,Yes,No,7.634374088747687,0,7.633723785849369,A,0.4904475335875007
1947,27.0,Male,6.968545918464659,4.240746099961499,2.6064328039347497,Moderate,3.292330891516908,2.0,No,Yes,7.066073636970811,1,7.066353344379196,A,0.24466187024414532
1285,22.0,Male,6.132121254455531,5.43680780169724,4.29954935247756,Moderate,4.3657104371778015,2.0,No,No,7.4510245087776195,0,7.450686167287568,A,0.6607616147255355
1697,25.0,Female,7.286741673405659,,3.437719151139465,Unhealthy,2.673797810174565,4.0,Yes,Yes,8.331481973671243,1,8.332288053562523,A,0.6633799879158684
1086,25.0,Male,4.628740117633269,6.228656253368207,3.077477571670973,Moderate,0.5944618418664338,4.0,Yes,No,7.777369637444253,0,7.778625794937985,A,0.5654991724649827
1435,22.0,Male,8.393321845918264,5.860043705259418,2.0255944356077538,Healthy,3.227306047027625,2.0,No,Yes,7.780696487863065,0,7.781254438944458,A,0.22965137071373665
2192,20.0,Male,3.876269625499319,4.620916531140412,2.0867236377819633,Healthy,3.0338851738458845,3.0,No,No,6.908652968729913,0,6.908351142552064,A,0.8935328009522343
1154,20.0,Female,6.951253243547134,7.153991026651571,3.6674130938169327,Healthy,2.3969297590764276,4.0,No,Yes,8.379773473697918,0,8.378949070327533,A,0.9153812141410812
1076,22.0,Female,8.362256144146986,4.805395695217245,0.9809080082325181,Healthy,1.4382774655913124,3.0,Yes,No,7.846468474297688,1,7.84540037785603,A,0.888559040702101
2172,24.0,Female,6.601593536879316,2.996419236043146,2.994466461527412,Healthy,1.232449849891828,5.0,No,No,6.340329847982586,1,6.340740070506195,A,0.895701391159704
1790,18.0,Female,5.715244239635694,4.798959168785951,0.803201447529617,Unhealthy,6.296340577039322,4.0,Yes,No,6.8604944790912725,0,6.861943442377437,A,0.793923498347001
1581,18.0,Male,,4.801848180780312,5.130041876680656,Healthy,3.3940899247289447,1.0,No,No,7.773217979019501,0,7.772749584356073,A,0.15918699135147873
1447,21.0,Male,6.845862875708389,4.048503509711682,3.542400782765376,,6.734012510657023,3.0,Yes,No,6.930791830423904,0,6.930892101122943,A,0.6238322773574071
1704,19.0,Male,7.314228741680034,5.6528809357565954,3.5139707987922053,Unhealthy,1.9794029953057646,4.0,No,No,8.215866982331937,0,8.216128832286527,A,0.1378564787358244
1189,20.0,Female,4.949741278121972,4.349558772268718,2.7330636663814705,Healthy,3.8838982886558138,2.0,Yes,No,7.000600082885227,0,7.000738754168478,A,0.8220759473470115
1272,18.0,Female,,6.811137542466801,3.422712823025328,Healthy,1.8740916265876315,3.0,No,Yes,7.709778053711264,0,7.706990985842236,A,0.578933391310145
1237,24.0,Male,,4.184325793470915,2.521341389170538,Healthy,3.4397009080966354,3.0,No,No,6.917687462484356,0,6.917547431838402,A,0.5681274709488372
1488,23.0,Male,8.027459322505596,7.146378528236529,2.851182397160924,Moderate,4.736422909494511,5.0,No,Yes,7.814540200083199,1,7.813178547863695,A,0.7289447916156762
2189,23.0,Female,6.455300896937447,,3.757901273899156,Unhealthy,1.5573370786625564,1.0,No,No,7.632468655078119,0,7.631944603851001,A,0.2679037395805204
1560,26.0,Female,8.807535432879892,,3.535068958553929,Unhealthy,3.8122128939392996,2.0,No,No,7.831050316449698,0,7.831102161338358,A,0.1255777856311452
1118,19.0,Female,3.895261508245506,3.6781423288459245,3.8423117319294673,Moderate,2.033635560832561,1.0,Yes,Yes,7.0613535994026915,0,7.062747310551509,A,0.6033712797780534
1638,20.0,Male,7.030945525963653,6.031538277676673,0.016248643054090017,Moderate,4.054090155257606,1.0,No,No,8.171565752298141,0,8.170404187164904,A,0.8927750135891924
2106,19.0,Male,5.953422501374219,6.4046006255219705,1.8194970247911868,Moderate,2.234486645043403,4.0,No,No,7.499233149572905,0,7.499017101284464,A,0.9978135271809002
1802,21.0,FEMALE,7.0821126421965355,5.510660665252319,4.453110797885337,Moderate,0.5367154196597044,5.0,No,Yes,7.352964467699488,0,7.351576254362943,A,0.5381306291672862
1751,27.0,Female,7.928366844212141,5.430936141554546,2.956982568487801,Moderate,6.277138674970297,3.0,No,No,7.173806764805843,1,7.173565459123159,A,0.6941997921554635
1513,26.0,Female,7.686238235421754,3.016706050868827,-0.918293697479001,Moderate,3.5680462575552534,2.0,No,No,7.134167392551018,0,7.133067792263138,A,0.24228599004374174
1634,21.0,Male,6.322313114542695,8.496537007337105,0.5409151418031466,Unhealthy,5.677483040260491,3.0,No,No,8.626137921334383,1,8.62397867292097,A,0.3703029139841675
2001,26.0,Male,7.225992050814648,5.728533438785773,3.7518124906713215,Unhealthy,2.8362631893756083,2.0,Yes,No,8.301236720174307,0,8.301222289918586,A,0.5302441781079469
2199,26.0,Male,6.077281958060277,3.115917810697943,3.4516871142780365,Healthy,1.9956503846168534,4.0,No,No,6.8239859828311955,1,6.824258327555953,A,0.5900031607770035
1903,20.0,Male,7.6574608186872,0.8758469209421671,2.9819551201515804,Healthy,1.5773004233719974,2.0,No,No,6.3262005211035,0,6.324796098937773,A,0.6225611579880763
1127,18.0,Female,6.703647854171375,6.22297410825745,4.077521830341244,Moderate,3.6367508610704906,3.0,No,Yes,7.384257293392291,1,7.385044663558735,A,0.4288551711959323
1791,18.0,Female,6.758363155929814,4.08764040599407,1.459154104968511,Moderate,-0.10853787403763837,4.0,Yes,No,6.445138714070949,0,6.445451597178546,A,0.2825647953343958
1117,18.0,Female,7.9323422862276525,7.724790494210158,2.050118696589609,Moderate,4.160125359627953,4.0,Yes,No,8.485231791056052,0,8.48271963314992,A,0.9355684220320085
1474,22.0,Female,7.66858288606077,5.3460084535709385,2.973603106116543,Unhealthy,1.1958460200289232,2.0,No,No,8.095464093544107,0,8.095043672829094,A,0.17536207927614678
1741,26.0,Male,7.242926022157823,4.893926612413306,3.015370026025347,Moderate,6.191021861563879,2.0,No,No,7.082945612789557,0,7.0823193753561435,A,0.7933020350174008
2040,26.0,Female,7.225749899060681,6.57778229079128,3.8360948357904343,Healthy,6.544606470279893,2.0,No,No,7.591315091215674,0,7.591276402948593,A,0.49930709000705864
1058,19.0,Female,8.04867651478541,4.578899898723932,,Healthy,3.4030068727225036,3.0,No,No,7.019778213378668,0,7.0200668391402345,A,0.11864070403393867
1604,19.0,Male,7.51055235096516,3.977578171204349,1.4636064984617048,Unhealthy,4.222924364507884,4.0,No,No,6.874604856103588,1,6.874279016106711,A,0.33638989368603744
1787,18.0,Female,6.567693880603485,5.405728079165299,2.7005522629835506,,-1.1713708503735,1.0,Yes,No,7.7285430783468545,0,7.728083230629208,A,0.13087839539864243
1831,20.0,Female,6.605441164496873,4.826294735042351,1.2571496676002818,Unhealthy,0.4828945607579964,1.0,No,Yes,7.00874281176831,1,7.008517379418977,A,0.30671639379340787
1120,19.0,Male,7.455006386263729,4.946262880001067,2.3275653395336495,,2.5790150803477165,1.0,No,No,7.792411051130935,0,7.794847445768969,A,0.7343627051010597
1657,25.0,Male,3.9707727348627166,3.1619123007963377,,Moderate,2.0564707687409953,1.0,No,No,6.1538842105279725,0,6.153451241122264,A,0.8912797199630025
1981,23.0,Female,5.6366221448257425,2.797604360196729,3.8470650048197412,Moderate,0.6523819219321627,4.0,Yes,No,6.613200392105382,1,6.613807534572009,A,0.17661934592464879
1975,19.0,Male,6.882913800828289,3.381564219427049,1.3401262593181829,,6.848714046873374,1.0,No,Yes,7.174908626259434,0,7.174021263287579,A,0.15851909520714969
1106,25.0,Female,7.21226563388668,5.024194122914006,3.2053099810340773,Healthy,4.397817993080836,5.0,No,No,6.537743986141609,0,6.536662063692962,A,0.318957496788679
1636,24.0,Male,5.968385416110239,4.498818899929537,3.477436803979672,Healthy,2.1751001970288897,1.0,No,No,7.635339067440018,1,7.634255713481916,A,0.49290310193877207
1370,25.0,Female,5.102206284246752,4.306490441718069,4.648775990677966,Healthy,5.276603724690063,4.0,No,No,6.686745742063837,1,6.687650702012421,A,0.535495687261146
1269,24.0,Female,5.458167883231065,4.916472421025008,2.7332614120669656,Moderate,1.60616657840127,4.0,No,No,6.857065979461488,0,6.857527762921191,A,0.2621727531502741
1656,23.0,Female,,1.932907605492769,2.4203313566603746,Moderate,1.9009066866606659,4.0,No,No,6.842539972755874,1,6.841061795883917,A,0.6424447985537197
1820,27.0,Male,6.1975246215159725,5.847375921909368,1.9619775761516793,Healthy,6.123133132525696,1.0,No,Yes,7.528794272963016,0,7.530351254298507,A,0.16446642997870864
1823,19.0,Female,6.7380573927517275,3.5283509487976783,2.574985239438751,Moderate,2.3019407663263083,5.0,No,No,6.9575606083222095,0,6.9580612965736925,A,0.39981918334123223
1047,22.0,male,7.564110865285686,3.648448956117572,3.967669031491682,Moderate,4.022960356138583,1.0,No,No,6.7011027199101045,0,6.700259173842865,A,0.3858125558241988
1350,19.0,Male,4.103039968532169,3.289689715023263,1.019365279733385,Unhealthy,3.1336385424456417,5.0,No,Yes,6.15695451537897,1,6.1587648447587355,A,0.9482282011380659
1774,25.0,Male,5.105678712343895,6.598527762080072,2.2936178840327104,Healthy,3.331659400328196,4.0,No,No,7.367905412147547,0,7.366972521751129,A,0.3754843749260325
1196,18.0,Female,6.195244786342663,7.235186513444858,0.31991010923263463,Healthy,4.324901040729074,4.0,No,Yes,7.626645177679581,1,7.628584877830609,A,0.6337387318906241
1103,26.0,Female,5.496731462185055,4.33923820872801,3.01432842938527,Moderate,2.888610176770689,3.0,No,Yes,6.838274754218843,1,6.8380338375071155,A,0.025564993194898467
1005,22.0,Female,6.0059006987784205,3.675200553267313,3.735910353683832,Healthy,-2.0016053549988913,4.0,Yes,No,7.140227268177419,1,7.141692168546495,A,0.8605047001191455
1620,19.0,Male,5.319900825609164,5.388931462302362,6.533731772397227,Moderate,2.184249478856276,5.0,Yes,Yes,7.281807464768804,0,7.281390323170188,A,0.3302323445577159
1572,22.0,Male,7.5975488647842155,0.8907003165657814,2.0863452842650188,Healthy,1.8265636415643236,3.0,No,Yes,5.270211026290326,1,5.2703520630759,A,0.5123899006990669
1053,21.0,Male,4.327257584023526,3.882525591911538,4.78739042127385,Moderate,4.660046294109487,2.0,Yes,No,6.425175030019586,0,6.4260142609603745,A,0.4731536754400616
1264,27.0,Male,7.6053808956737505,7.199304229438523,3.3465149658832707,Unhealthy,3.261300204714623,3.0,Yes,No,8.90155049816229,0,8.900451129759041,A,0.9798181594307654
2122,18.0,Male,6.93561109725742,6.622062190905719,1.9365614684312373,Healthy,4.909962463684643,4.0,Yes,No,7.445031566097515,1,7.445291130025735,A,0.4020543608663515
1444,22.0,M,6.734315637775727,2.1266522532965086,3.70454507922803,Healthy,4.30988324165897,1.0,Yes,No,6.658417440036462,0,6.66036766833631,A,0.9597997120036441
2175,18.0,Female,7.759398327035982,6.294638680416362,4.219886518079459,Healthy,3.334949208642537,3.0,No,No,8.42352426120446,1,8.42287782264337,A,0.15609505512034905
1783,19.0,Male,5.597406958318976,6.253422391829367,1.6593654925582917,Healthy,5.019439924333426,3.0,Yes,No,7.411849252328206,1,7.4109103435878225,A,0.9858670493444452
1838,19.0,male,,6.74524372145971,2.3016198306171,Healthy,1.6137694512467626,2.0,Yes,No,7.988918708456135,0,7.98910588285675,A,0.9694277882755549
2035,18.0,Female,6.241821001074645,2.2126360068311968,,Unhealthy,2.480493218214911,2.0,No,No,6.131710509029114,0,6.130608729142539,A,0.19782113273308777
1692,25.0,Male,,3.2925099095585857,4.47160919803775,Unhealthy,3.6101314186340066,4.0,Yes,No,6.582152557874005,0,6.5822230294904935,A,0.38847987144488705
1305,23.0,M,4.78743631737651,4.9701474936401215,3.472564554174256,Healthy,5.207762542091872,2.0,No,Yes,7.635420324997202,0,7.637483866487676,A,0.18101544439479955
1342,20.0,Male,7.098463329283668,4.735680411557036,6.669476788365485,Healthy,4.0141179077929445,1.0,No,No,7.764542311682296,1,7.766438266982144,A,0.7399651935443334
1918,25.0,Female,6.964470475274893,6.152905648244554,2.937120433136507,Moderate,1.1873311962868034,3.0,Yes,No,8.63480501945128,1,8.634589058349745,A,0.13239742085101847
1314,20.0,Male,4.751434504496532,5.7629893145271485,3.4793310100850423,Unhealthy,4.813138321244603,3.0,Yes,No,7.258430478763182,1,7.257464296196944,A,0.4970556926136773
1150,18.0,Female,6.984744824882734,6.207320848793568,3.1209116634307823,Unhealthy,6.261661003941814,1.0,Yes,No,7.139047846382505,1,7.137621983094673,A,0.09650048291379276
1125,26.0,Female,8.90421129248161,7.066604354412116,6.93972736355535,Unhealthy,3.8982406812919397,3.0,No,No,7.4488847830081415,0,7.448525033789954,A,0.5328727767159439
2092,22.0,Male,5.0810593133522755,3.7308467957340037,2.8742662177470546,Unhealthy,2.675189951171101,1.0,No,Yes,7.341312056110769,1,7.341711914940531,A,0.04890067912327478
1575,18.0,Female,5.516295285474987,4.398117591020264,1.4862744879497372,Healthy,2.752119406594979,3.0,No,Yes,6.8128213537004845,0,6.811757458800711,A,0.34024689172403644
1698,23.0,Female,5.198467253076514,5.298857061873859,4.67863062727654,Unhealthy,2.4210329724444635,3.0,Yes,No,7.0060350811213015,0,7.006518680436562,A,0.949238768401167
1665,23.0,Female,5.448668090926451,3.738576291994313,1.9974379750506992,Unhealthy,3.4012184934069083,5.0,Yes,No,6.573400026924322,1,6.573406196289656,A,0.9988237822665057
1051,25.0,Male,3.317949998096958,6.66495446465855,0.22090820746458295,Unhealthy,2.10751454313835,4.0,No,Yes,7.737789484245187,0,7.737572308250523,A,0.005850738246765408
1911,25.0,Male,6.56779603039188,2.1247761923523854,1.982475181738284,Healthy,5.290359888511288,4.0,No,Yes,5.535851661735776,0,5.536864381554934,A,0.26215950182284586
1727,25.0,Male,7.729415210512028,6.857240452234775,2.337216326560696,Moderate,2.523410812371479,2.0,Yes,No,7.887797981431722,0,7.890277116006447,A,0.2261793034085282
1800,22.0,FEMALE,6.216643889866417,6.014921827664788,2.1054424985448335,Moderate,1.9309884078796768,3.0,Yes,No,7.878156980008106,0,7.877689289581533,A,0.6118689191713708
1834,19.0,Female,6.39015197669815,4.690331362384191,2.3033822711532292,Healthy,3.0535513403859516,2.0,No,Yes,8.012429245656488,1,8.009812496051532,A,0.47823809793893135
1354,22.0,Female,8.074430314663896,5.242879050927602,2.023055810459783,Moderate,3.1862228968086552,1.0,No,No,8.389480230579107,0,8.38960734833647,A,0.028655629020025497
2182,27.0,Male,5.336239525861911,4.0264103704380805,3.378673971888589,Moderate,4.093126004975599,5.0,No,No,6.11468720316538,0,6.113472774386464,A,0.9968332903780237
1143,20.0,Male,,7.282550679105438,2.7321420481592193,Moderate,-0.9651288885173339,3.0,No,No,8.259257014869684,0,8.259512835059743,A,0.7021277365555003
1471,25.0,Female,6.839682305611987,5.739901690758648,1.913139257718138,Moderate,1.8329548554751336,4.0,No,No,7.075963541331395,1,7.076286493730441,A,0.5957646936930576
1654,26.0,Male,7.619166611589344,6.585783905362049,3.716115860154132,Unhealthy,4.415382602924843,4.0,No,No,7.734606699720131,0,7.7349020501167525,A,0.2774592337705588
1400,21.0,Female,5.123801501399071,6.3336909762905105,2.3173239989419994,Moderate,5.260039258654889,5.0,No,No,6.749078770707664,0,6.750073739901825,A,0.412098217708192
1950,20.0,Female,6.73829434481782,5.207335138211454,1.8769666899450652,Healthy,2.934576977399572,3.0,Yes,No,7.991049830873079,0,7.9917156051391025,A,0.11508936439869155
1969,27.0,Female,6.046352849922228,2.1716406433347943,5.691347668992879,Unhealthy,3.0706102699711617,4.0,Yes,No,6.149212419146926,0,6.150718363270905,A,0.4096840750452244
1321,21.0,Female,7.433131436334243,2.7716912607165893,1.8665299253622112,Healthy,1.2295551055317402,3.0,No,No,7.201578605228223,0,7.200165678331563,A,0.2332453543068037
1020,22.0,Male,7.259429497528767,4.22447866256846,2.9075020211901887,Healthy,0.392955891653314,5.0,Yes,No,8.35928807904384,0,8.358923138580106,A,0.7986493124444201
1685,19.0,Female,6.0385398679785,6.333474770606973,2.0590186111246815,Moderate,3.7064980866029047,3.0,,No,7.071922577224189,0,7.07169031346615,A,0.8962507226086311
1036,18.0,Male,5.230062738994835,5.883054917322726,5.094137353867115,Moderate,5.348265754220984,2.0,No,No,6.922307064415504,0,6.922694387136496,A,0.7858808993351112
1825,24.0,Male,5.5324618151783795,4.464042409599776,0.5565036524095506,Unhealthy,5.488189402613637,2.0,No,Yes,6.8201238785196905,0,6.821906645264731,A,0.9846680927625059
1506,22.0,Female,5.661583476818205,5.858363630280912,-0.32292017340520607,Healthy,3.0598437294203906,5.0,No,No,7.653298873501785,1,7.654314529564333,A,0.5187680414684286
1828,26.0,Female,7.1543879143604725,3.767247055388669,4.921416313170637,,6.370022416145616,4.0,No,No,6.950577327689549,0,6.950414927669644,A,0.8936207898442049
2100,22.0,Female,6.266024136656256,2.928254102763839,1.9580109699317105,Moderate,4.976666853937944,1.0,No,No,7.198922184273412,0,7.198337643140581,A,0.6498081890728588
1408,19.0,Female,6.236077045680397,5.865062542315102,3.3291040046308584,Moderate,3.6383180893950406,1.0,No,Yes,7.83173992154176,0,7.831129243404215,A,0.18803970651757562
1818,19.0,Female,5.827460637436309,2.75294033691343,,Healthy,2.1830522549624645,2.0,No,No,6.371443951090237,1,6.372629753133086,A,0.8989527210333922
1867,26.0,Female,,4.326683569579423,2.9202652678953602,Unhealthy,2.1856073888771093,3.0,Yes,No,7.858506324206793,1,7.857880377995286,A,0.013373175021304862
1538,19.0,Male,,2.890249059481651,3.2564075566924497,Moderate,2.9141093672932254,,Yes,No,6.103633708777356,0,6.1054062317085585,A,0.07070511889648479
1759,19.0,Female,4.194194563341634,,0.7565096236869491,Moderate,2.1616535848703466,2.0,No,No,7.749695547993256,1,7.749136706338045,A,0.512549332529695
2098,25.0,Male,5.558264903412811,2.8810384660981674,2.462088969692054,Moderate,4.0018064305679815,,,No,6.291380187686456,1,6.29301793514566,A,0.5678489019739521
1945,19.0,FEMALE,5.542215970694199,3.48655103361762,1.6243761716845406,Moderate,2.3189915378569754,5.0,Yes,No,7.11692213322301,1,7.116849658346876,A,0.0875724486801821
1039,20.0,Male,7.004272051369503,5.421759748465219,0.915714971672811,Moderate,1.9838871018953637,1.0,No,No,7.75485926635504,0,7.754984785975587,A,0.46895814026791616
1176,22.0,male,,5.946857492100722,2.288879289950458,Moderate,3.789869742051054,3.0,Yes,No,7.730894829746476,1,7.731553177032328,A,0.6302736647971824
1246,18.0,Male,7.115839773292617,3.003684121079764,3.6050643637900874,Healthy,4.81743432933388,5.0,Yes,No,6.676389302909492,1,6.676313221613041,A,0.5678903845477898
1811,18.0,Male,4.891572550374555,6.1652115482977194,4.3134832977799515,Moderate,2.3354160753561413,2.0,Yes,Yes,8.158276666789648,0,8.157818362169813,A,0.19758583161416254
2114,20.0,Male,8.763426990267298,4.665766736364183,4.1983693913865325,Moderate,3.940189577138275,1.0,Yes,No,7.38116099830415,0,7.382937949146988,A,0.6514481931676469
2019,18.0,Male,4.265018296850246,7.817568697989694,,Unhealthy,4.1182528996111,5.0,No,Yes,7.890524634737168,0,7.889283182774616,A,0.3902630841859357
1785,22.0,Female,5.454540713569023,7.6650797706764315,,Healthy,0.4856287632909848,2.0,No,Yes,8.900853045542815,0,8.903404394496437,A,0.841439471664581
2080,26.0,Female,7.6311123450797504,4.439835550475728,2.9715261004787075,Healthy,1.5471956628456205,1.0,,Yes,8.659926375100383,0,8.65955276605549,A,0.8956066707112827
1490,24.0,Male,6.037244022172207,5.365098374600809,2.1875995478491186,Unhealthy,5.2358495135296454,2.0,Yes,No,6.794023132185979,1,6.793233124889542,A,0.5322637654140473
1155,22.0,Male,4.717933425047077,5.832860111419136,3.6829476576248643,Unhealthy,2.06607843609388,5.0,No,No,7.433603542078165,1,7.433491339992599,A,0.23220219448136248
1639,25.0,Male,6.134687884571999,7.949191207063386,,Moderate,-0.1676584743656866,4.0,Yes,No,8.609349022095538,1,8.611146721933332,A,0.711503150327694
1663,18.0,Female,7.532635649553734,6.103600040420246,3.595851079468488,Moderate,2.449779849657287,5.0,Yes,No,7.574825315007313,0,7.57404795144592,A,0.05059098297487097
1854,20.0,Female,5.707639860773613,6.812394238220751,3.4671140211760134,Unhealthy,3.6402480878046797,5.0,Yes,No,7.098852536409481,0,7.098276645392451,A,0.054243666952088376
1288,23.0,Male,7.1118778981718425,2.1532782501503354,1.8869798626653895,Moderate,2.945957793944751,3.0,Yes,No,6.4488361764668065,0,6.449355361047993,A,0.08361635937751744
1626,20.0,Female,7.718618259779515,7.075580541789499,6.182512477598911,Moderate,5.270763134659893,5.0,Yes,No,8.194847577367579,0,8.195228268336095,A,0.6754102426652563
2156,23.0,Male,6.17552366948547,5.985227790080207,3.2321883667857576,Healthy,3.594697960180767,2.0,No,No,7.524798916273325,0,7.524233243916125,A,0.6757198941670518
1686,26.0,Male,,7.135339208397549,5.198490252518022,Healthy,1.7264580671928973,3.0,Yes,No,8.555068169679672,0,8.555541725076612,A,0.277565191953306
2046,19.0,Female,5.978959480089337,4.939486420198981,2.351832359320481,Unhealthy,1.0418663325595348,2.0,No,No,7.541707682811117,0,7.542065988250313,A,0.7592491541084093
1924,19.0,Female,5.93842842401085,6.609886747683736,1.4243700849771794,Moderate,5.783581013080893,2.0,Yes,Yes,7.731113607935793,1,7.731318179585493,A,0.4167893934610555
1570,23.0,Male,4.769625517231985,6.584578379046325,2.8930258993110978,Moderate,1.8340902424590353,5.0,No,No,7.350748047434855,1,7.349069323020177,A,0.6760320858394464
2173,21.0,Male,9.820923070438711,6.406284382624636,1.828286261575832,Healthy,4.782479695868898,2.0,No,Yes,8.889053175119438,0,8.88965658575651,A,0.08656480279564194
1735,20.0,Male,5.960035541762421,8.0198696821919,5.516354174813117,Moderate,0.03677935985403513,4.0,No,No,9.258733051894588,0,9.258732445944812,A,0.7666516849540702
1793,25.0,Male,7.589675412221583,9.007645069635029,4.265908606337334,Moderate,2.8190840937344426,2.0,Yes,No,8.56349258274143,0,8.562476264451302,A,0.5487987438230502
1018,19.0,Female,7.525622876162674,6.185510872677056,6.081817641931165,Unhealthy,1.3589647026091733,2.0,No,Yes,8.659081864517438,0,8.658878555988931,A,0.6939753672385983
1128,25.0,Male,5.973135307874075,3.947349580599826,2.8715890533882784,Moderate,4.159186821356223,2.0,No,No,6.761731515149919,0,6.761308047045701,A,0.08358278201459013
1323,24.0,Male,7.55367029468984,2.365284918880529,1.5283692628255825,Healthy,3.858815168183047,2.0,Yes,Yes,6.226735776439473,0,6.225842810057459,A,0.5187886542957384
1256,19.0,M,6.533626624431052,7.486064180348745,2.5495376126455302,Healthy,2.179694980487081,1.0,No,No,8.614822522263337,0,8.614098442701462,A,0.6954783464808746
1998,21.0,Female,5.367255770333598,1.611179183633583,1.8988897977847077,Healthy,1.6935299494801968,2.0,No,Yes,7.136386279653989,0,7.137979961983463,A,0.545737248053641
1481,20.0,Female,4.709472997432409,4.003119991612104,1.5560542873710732,Healthy,2.828373890707099,3.0,No,No,5.99017927183386,1,5.990312278415848,A,0.7232327672023553
1191,24.0,Male,8.795545769278103,5.5835563856506445,2.6588690538665154,Moderate,2.620506515958899,4.0,No,No,8.104441143007138,0,8.103912272569568,A,0.568024241338772
1116,23.0,Male,6.238365046274693,4.579897059678687,3.1195091089013465,Moderate,2.8265127355947235,3.0,No,No,6.811465258495293,0,6.812341840078026,A,0.3375056313950089
1830,18.0,Male,7.658204591274399,3.229108490369764,1.6152523139577104,Moderate,6.183165591324922,3.0,No,No,6.527463305416088,1,6.527362199482583,A,0.0013696943752317114
1941,24.0,Female,,9.632768292290425,1.9484387640182934,Moderate,3.218203530640842,5.0,No,No,9.001249582051683,1,9.000680819910281,A,0.40747823823251983
1607,21.0,Male,5.958338658842726,6.542080348098775,4.592278155620635,Moderate,2.9287511130495925,3.0,No,No,8.014484602952491,0,8.01448728008,A,0.20070516882149403
1181,27.0,Female,5.2611235765341835,4.931662809868189,7.199545832755964,Moderate,2.2137679918059066,4.0,No,No,6.657109933994011,0,6.659159080029858,A,0.17934370090399987
1302,26.0,Male,6.548307802400555,5.178194809854353,1.361168594424881,Moderate,5.0444937279302335,1.0,No,No,6.840757791263158,1,6.8414488286659365,A,0.690263735565004
1497,19.0,Male,9.364342159488707,2.7970408545270624,3.367408840566702,Healthy,3.3701860575948106,5.0,Yes,Yes,6.58277284047819,0,6.583794809166972,A,0.20838495728445972
1349,19.0,Male,7.574726291977215,4.887846617652908,2.286376321031074,Unhealthy,1.2794113415497341,3.0,No,Yes,7.6933854062487175,0,7.693306863224543,A,0.34743832557035315
2150,26.0,Female,6.567127220158881,6.613584451241287,1.6757017281785993,Moderate,4.508136027962647,5.0,Yes,No,7.613680368657172,1,7.613892118058755,A,0.47526276716219884
1037,26.0,Male,4.912950640049985,4.3308959323117495,4.452368388556941,Unhealthy,3.0066696314354537,5.0,Yes,No,6.161747409187747,1,6.159243961578611,A,0.49719423989808864
1745,25.0,Male,5.936196189801528,3.0597427109924364,3.504372369528556,Moderate,2.2818634044115504,3.0,Yes,No,6.862462335069432,1,6.862447745159003,A,0.2545338334400228
2111,24.0,Male,,3.0363574214180216,3.4132089164516755,Unhealthy,4.795292250671462,5.0,,Yes,6.336333621193805,1,6.336093604041988,A,0.712532623572703
2012,25.0,Female,6.562037985714338,4.087628079201324,3.543889499544898,Unhealthy,6.0778186606692906,2.0,Yes,Yes,6.671071593262641,0,6.672070702412957,A,0.19340092851540247
1518,18.0,male,5.269507846666515,6.340698118903186,4.290926283505445,Healthy,3.2322761914570233,,No,No,7.319859229473346,0,7.32057350871104,A,0.42560334889836404
1373,22.0,Female,7.399067512641025,3.583365682395363,4.799594670516256,Unhealthy,5.198649960373627,2.0,Yes,No,6.587638804681001,1,6.587480028187194,A,0.6471374812877945
1046,27.0,Female,6.857013285422666,,2.9416349478206736,Moderate,-1.4617617322215022,5.0,No,No,6.580816659476647,0,6.577591703248126,A,0.9935001210028401
1477,26.0,Male,4.734661718738131,,3.1382656612902498,Moderate,1.1745125541476178,5.0,No,No,6.3714535068840075,1,6.371732970995677,A,0.9890471668808795
1158,23.0,FEMALE,5.827095003094705,7.6734406890570686,4.044617836234154,Unhealthy,4.7839200434967,5.0,No,No,7.700854471457471,1,7.7011265632006465,A,0.6648115470741713
2076,19.0,Male,6.13403213754428,,2.091825768192052,Healthy,3.2733866699207246,2.0,Yes,No,7.71846268075268,0,7.719654580596859,A,0.5591467410776473
1172,18.0,Male,8.731393769147974,6.568460180313899,,Healthy,2.5074929015316765,2.0,No,No,8.20469045000832,0,8.204969089768634,A,0.08886780508144232
1017,23.0,Female,4.915413219011556,4.5894440062733475,,Unhealthy,3.233608180431318,3.0,Yes,No,6.847548124143827,1,6.84785883734557,A,0.17055100761373154
1512,25.0,Male,4.561938931298255,1.6357585675843498,1.763066143193081,Moderate,4.440753044247385,1.0,No,No,5.1834312342658135,0,5.184782052932856,A,0.8944638728589331
1049,24.0,M,6.276851987376741,,2.130839871627451,Unhealthy,2.1334079587970844,3.0,No,No,6.721249547606982,0,6.721006923434451,A,0.3864731007611816
1192,24.0,male,7.059413194636773,4.429942906711706,2.254912945809442,Moderate,2.7447975368392856,1.0,No,No,7.338720869538562,0,7.3370620335619,A,0.16666012956693788
1547,22.0,male,5.80284777376222,4.2725154136074135,3.8381565521066374,Unhealthy,1.9914586015833304,1.0,No,No,7.960517626825463,1,7.960343551860088,A,0.9591608256761988
1516,19.0,Female,6.163279463794323,5.594612753310601,2.235034235498616,Moderate,2.9609247722021355,1.0,No,Yes,7.474256758075668,0,7.473959074590128,A,0.8533910587400004
1659,18.0,Female,7.966074399461111,5.602892424618219,7.906539183321884,Unhealthy,2.741569236051305,3.0,No,Yes,7.244238500883403,0,7.244581691639195,A,0.6461624359737661
1993,19.0,Male,6.899038775717169,4.067807048633338,3.53956724835616,Healthy,4.46346432639772,4.0,Yes,No,6.600464473426314,0,6.6000200424516295,A,0.6435494528800647
1829,26.0,Female,6.777992533083821,5.129380754337508,1.3868703650717724,Unhealthy,2.91418017309503,5.0,No,Yes,7.138617145209919,1,7.1378675910737295,A,0.9274034938726929
2033,25.0,Female,6.283631572580559,3.644181065628688,2.460507481999039,Healthy,5.565142798725802,3.0,Yes,No,6.512870185548213,1,6.512118343074903,A,0.6466689761012863
1481,20.0,Female,4.709472997432409,4.003119991612104,1.5560542873710732,Healthy,2.828373890707099,3.0,No,No,5.99017927183386,1,5.98967857981001,A,0.5621744113330919
1960,22.0,Male,6.581205509675251,6.1682445756815465,3.1123906178493397,Moderate,1.1397080433712685,2.0,No,No,8.013161031152748,0,8.014314020458091,A,0.9199758459017815
2158,26.0,Male,8.00933474104333,5.060504608332036,1.6402890757899276,Moderate,0.6439359416637269,4.0,No,Yes,7.488217243830114,0,7.488241466285967,A,0.9608809886114886
1284,22.0,Male,8.319728120707284,4.229545608927635,7.109256199662459,Moderate,3.036915415229402,1.0,Yes,No,7.348901501353375,1,7.3487621962512195,A,0.4474664771755136
2059,22.0,Male,6.60319217689715,6.596468279370773,3.1011818491017924,Moderate,1.1204003719629145,1.0,Yes,No,8.25432035537183,1,8.253814202121081,A,0.4919245253229946
1798,22.0,Female,5.7314119137734885,5.820000548924727,3.508491765712239,Moderate,6.213230043538601,1.0,Yes,No,7.2066120629980706,1,7.206520429446114,A,0.7654987058515481
1994,22.0,Male,5.528655525083207,4.213377660543435,3.6935784882754796,Moderate,3.207989141696036,2.0,Yes,No,6.835298578848359,0,6.835592382409119,A,0.5411391639047859
1226,21.0,Female,5.401011827244274,5.936276408704299,2.2606965782633974,Healthy,5.905642969874814,5.0,Yes,No,6.6741898126825765,0,6.674892480867522,A,0.6450612298137465
1027,22.0,male,8.338134668721263,2.058731602295701,2.925614538177091,Moderate,5.198441032764016,3.0,No,No,5.656217383445424,0,5.65566537779261,A,0.757890779678944
1283,24.0,Male,9.290935750258022,7.460531140847467,,Moderate,2.4314984970243163,5.0,Yes,No,8.155666095950123,1,8.15427581089018,A,0.7487663732110786
2179,20.0,Female,4.034286430789647,4.7689500251362,2.842820019528284,Moderate,0.939719571983729,2.0,No,No,6.955007840210605,0,6.954517063167849,A,0.07523434086303749
1438,27.0,Female,7.859227784623506,6.454706731087618,4.34282760333927,Moderate,-0.19337405511174666,5.0,No,Yes,8.128272514361402,0,8.128057767696802,A,0.48619525916984196
2197,25.0,Female,8.383998181998736,6.076588413125095,3.2687576619013115,Healthy,7.513904613912479,4.0,No,No,8.029694840781346,0,8.030171415365611,A,0.44091205449614246
1365,19.0,Female,3.938367599027773,7.7618834216403565,0.8486666888135952,Moderate,1.0567619033929465,3.0,No,No,7.433562676280087,0,7.43412341868015,A,0.20830662499744212
1230,19.0,Female,7.05465498681275,6.069496138017649,4.083302563449687,Moderate,2.8797803781081406,4.0,Yes,No,7.082479576997825,0,7.081864266024193,A,0.20912782713987277
1038,26.0,Male,5.916567043161144,6.470286307507733,6.626708304174668,Moderate,2.2890049116632856,5.0,No,No,7.798639715348383,0,7.798481944584618,A,0.5387891305470927
1670,19.0,Female,6.997539542032044,,5.111638207881297,Healthy,4.122555779300972,2.0,Yes,Yes,7.02515594709943,0,7.026255956534917,A,0.3514628653816366
1750,19.0,Male,,6.169294131157176,3.368920964094256,Healthy,5.68794281182636,3.0,No,Yes,7.27629220793275,1,7.276523460487856,A,0.7603000439146628
1311,24.0,Male,6.271087447598542,4.64057426684803,1.0819350483346926,Healthy,3.4340514456000397,2.0,Yes,No,7.550835840035281,0,7.550767837079132,A,0.9943206147241189
1375,26.0,Male,5.383682375275939,8.68736540860484,3.1021514451565784,Moderate,3.990473527692239,5.0,No,No,7.874959731916632,1,7.876305643165364,A,0.25010010172791797
1470,27.0,Female,6.479554532795045,3.50646465973729,3.8924286872652027,Unhealthy,0.9663682830671068,4.0,No,No,6.410061840638854,0,6.411842671187616,A,0.1381343329238678
1883,22.0,Male,7.292531079858124,3.7342850322129153,3.636372206182783,Moderate,1.1900065063891423,2.0,No,No,7.272302767331342,0,7.271609329625225,A,0.8452860031716979
2054,27.0,Female,6.382311717760991,6.416623802810409,1.4958929817771196,Moderate,2.500764128524165,3.0,No,No,7.654983916060638,0,7.655328393537363,A,0.14852040483907947
1849,26.0,Female,7.2905568420394316,6.056222212459677,4.1196273294494405,Healthy,1.837262762591205,4.0,No,Yes,7.628922967228753,0,7.629194713261688,A,0.9625977393209906
1688,23.0,Male,6.777538427292037,3.59864140377806,,Unhealthy,3.9173713737713043,3.0,No,Yes,6.913075528717254,1,6.913016604094592,A,0.5580005541276593
1033,18.0,Female,5.026400143013003,4.337134974380465,2.3586682780057195,Moderate,3.3173267179736268,2.0,No,Yes,6.460344389525938,1,6.459732784625993,A,0.5141745322105782
1640,27.0,Female,6.008421285958398,2.678250750890133,6.180121156576184,Healthy,0.11459985324881083,3.0,No,No,6.306382183424033,0,6.3069337573869095,A,0.4043232688059525
2068,24.0,Female,5.2069264053592095,7.105205577151256,0.6523074082493987,Moderate,0.11076023737484864,3.0,No,Yes,7.515607716225206,1,7.515562079316535,A,0.15996467764772404
1195,27.0,Male,6.007592031985869,7.152509266983403,3.5955474034409702,Moderate,0.35361188022453804,4.0,Yes,No,8.521925232941419,1,8.521028600356553,A,0.9429407578120377
2135,24.0,male,5.89111930831949,4.652829803466814,4.618685668986314,Healthy,3.087816789062335,1.0,No,No,7.227323973620132,0,7.2285869981969135,A,0.7758762897091389
2143,27.0,Female,8.822457420234931,4.728153448179948,3.63327999215616,Unhealthy,4.870458896671526,2.0,No,No,8.122002050101209,0,8.123443137331588,A,0.023906238960925474
2008,23.0,Female,5.206900102875545,2.695591528933633,5.463242537895609,Healthy,6.51987577913482,4.0,No,Yes,5.473728454435152,1,5.472184441090027,A,0.1576124705097246
1504,26.0,Male,,7.2939702184509425,2.8878561548800374,Unhealthy,5.230509711758453,5.0,Yes,Yes,7.357752791869965,1,7.357223448173592,A,0.5713347901060603
1916,22.0,Male,,4.4004199155653545,,Unhealthy,2.2447490832281973,4.0,Yes,No,7.01165104090799,1,7.011545366024217,A,0.1581945123729359
2030,21.0,Female,6.544166598916346,3.4293624188503182,2.5609437533677695,Healthy,7.315277861275864,4.0,Yes,Yes,6.492327276190199,1,6.493793348475076,A,0.5825635189933015
1518,18.0,male,5.269507846666515,6.340698118903186,4.290926283505445,Healthy,3.2322761914570233,,No,No,7.319859229473346,0,7.318468572724876,A,0.14510074954835672
2117,27.0,Male,7.982296865972327,4.251593675057081,,Unhealthy,-0.25035022638287296,5.0,No,Yes,7.135265735995839,1,7.1350264460239625,A,0.13090103899694383
1801,18.0,Female,5.618734691130439,4.032709540044006,-0.27960966002572585,Healthy,1.1930473494884732,2.0,Yes,No,6.645003696983273,0,6.646752250860403,A,0.5847660704832264
1580,19.0,Female,4.925836201067346,4.559895363404039,2.429062729400453,Healthy,3.745961993061549,4.0,Yes,No,6.807610071721639,0,6.807937760426551,A,0.4258024084279245
1161,27.0,Male,6.774524034714726,7.839573328133815,2.84883312608102,Moderate,2.9206467532059652,4.0,Yes,Yes,8.505988933600648,0,8.5047271945101,A,0.8990039537552831
2166,19.0,Male,7.699608823846386,4.831754149834124,2.5100649996482947,Healthy,2.6645212848777913,2.0,Yes,No,7.4801740080585954,0,7.480083567911602,A,0.0381891845942991
1681,25.0,Male,4.927643900281473,5.3012754459138955,3.333198363824178,Healthy,1.9378011861166113,,No,Yes,6.927613914536379,1,6.929825794176656,A,0.4167112704085759
1957,22.0,Male,7.166174818333797,2.5906147725569264,1.4156325110022063,Moderate,1.469640659509446,1.0,No,No,7.61600337890827,0,7.61509584221125,A,0.11198332387128729
2160,21.0,Male,6.514059701263238,2.6215949380996166,,Healthy,2.6927505368060345,3.0,No,No,5.772282374798541,0,5.772127275046643,A,0.05696043571006648
1163,22.0,Male,6.85152058819675,4.894980711780799,3.3426910225984816,Healthy,1.7246793237259468,4.0,No,No,7.230137930491844,0,7.2307213632412815,A,0.6418434360424641
1822,24.0,Female,6.152149261430156,2.9480865839272057,2.4293508585269823,Unhealthy,4.590812930271531,2.0,No,No,6.421691751392217,0,6.421376197703889,A,0.8815702012845593
1706,23.0,Male,6.782683844767873,3.732019302533647,2.7238306018242535,,1.9323182867914523,3.0,,No,7.428441694247799,0,7.427799278833907,A,0.7203637027958554
2047,20.0,Female,7.4484721723594065,1.707224380216687,3.1463898912777206,Unhealthy,3.7263402254170606,5.0,No,No,6.121501076837656,0,6.122116528085614,A,0.3196399566123109
1878,25.0,Male,7.292044990148402,3.72096032804777,-0.23737449412189093,Healthy,2.0277236026695493,5.0,No,No,6.826090738309477,0,6.8272155563357835,A,0.22431978207726977
1896,24.0,Female,,4.493855368840738,3.318170551696836,Moderate,3.719335235088129,4.0,No,Yes,7.302307272588354,0,7.303268630750668,A,0.34296588297495967
1914,27.0,Female,6.564503075588602,1.835074029680042,2.2250628570378916,Moderate,2.9684491530920805,5.0,Yes,No,5.296639298218649,0,5.296849040652006,A,0.023022501572340093
1445,23.0,Male,6.238778367878412,5.417499409355757,1.7429712293614723,Moderate,0.8920380257338683,2.0,,Yes,7.3281432355251495,0,7.330062025455757,A,0.9397342737288298
1153,27.0,Male,6.256469667589556,5.016474338873602,4.153721252950211,Moderate,0.679196644676487,2.0,No,No,7.670879441276711,1,7.6725012482050206,A,0.3950757236861081
2126,26.0,Female,4.6035928185853585,4.644110421353897,2.110611194519401,Unhealthy,5.842205600861799,5.0,Yes,Yes,6.236191410140868,1,6.235344613879021,A,0.40285001185439173
2044,21.0,Male,,7.506681842844871,4.945585794736738,Healthy,2.1953829721586615,4.0,Yes,Yes,8.089866393061445,0,8.09022924130807,A,0.8512658774623256
1510,20.0,Male,7.040024808106199,2.157431225078178,,Moderate,2.1836071608498897,5.0,No,Yes,6.064103655674975,0,6.063664512080433,A,0.436085435766277
1112,25.0,Male,6.528026379337467,5.0547211334213475,5.960282155220506,Moderate,1.6814927004168916,3.0,No,No,7.302295178554971,0,7.302171894236744,A,0.8780698554954017
1227,26.0,Female,5.693705571584388,3.75010611269413,,Moderate,3.984527127028869,5.0,Yes,Yes,6.620712353979593,1,6.62064193041013,A,0.25096470816317695
2034,21.0,Male,6.516886499448206,4.609657054155319,3.495460968266319,Moderate,0.8964572052191304,4.0,Yes,No,6.893572071319687,1,6.892587830128207,A,0.5556462834133568
1852,26.0,Male,6.691157340595569,5.699493158255625,1.699721460114968,Unhealthy,4.3399357206558875,5.0,No,Yes,7.309010775336423,1,7.3078584051604185,A,0.5142955859296973
1104,18.0,Female,7.294497841498103,6.983756497284684,1.3491520004547723,Moderate,0.5800893540900502,5.0,Yes,No,8.52323485108844,0,8.523050565271186,A,0.7277996416202209
1422,24.0,male,4.554903778030218,5.141704987729457,2.066988714147468,Moderate,4.936143722301952,4.0,No,No,6.817620448692063,1,6.818074907315006,A,0.21537646621562256
1420,23.0,Female,5.656317102922637,6.598966444614701,0.9483691518044113,Moderate,5.064333159270083,4.0,No,No,8.179080092796706,1,8.178621882922487,A,0.7105633748990247
1968,21.0,FEMALE,9.305414143006598,4.947981124972115,3.435199990633133,Unhealthy,1.1530523983236318,1.0,No,No,8.325753639791815,0,8.325897415460078,A,0.6224075599225856
1625,24.0,Female,6.8618627681754845,5.332974166514407,1.9086394772679087,Healthy,2.18819778699577,2.0,Yes,No,8.117864921110185,0,8.118238073583637,A,0.5349687301171792
1587,24.0,Male,5.570587926183926,3.2454859984633715,2.4061230533841034,Moderate,4.97883313611778,3.0,No,Yes,6.311326511314231,1,6.3121657966732245,A,0.4361287464608543
2090,19.0,Male,3.6424791918536954,,2.3279058987866277,Healthy,2.5278912821710913,1.0,Yes,No,7.476738132305022,0,7.476754813483903,A,0.908710422668323
1054,22.0,Female,3.8002594664580713,4.051871265786634,1.9479837753542375,Healthy,3.4374316104267475,1.0,No,Yes,7.002314000199856,0,7.002335306757667,A,0.719890303709417
1152,20.0,Male,8.703471007676024,4.120226523620054,1.7089754352532118,Moderate,3.3938748678842408,2.0,Yes,No,8.096631814441494,0,8.096163360705741,A,0.04972875339771776
1404,27.0,Male,6.69447147087545,7.628971331826408,1.4333752675373514,Healthy,4.120065746886372,2.0,Yes,No,8.250048535516758,0,8.249606064986558,A,0.8021859510759867
1208,27.0,Female,,5.9599042487011875,0.9841516324629995,Healthy,2.073722089288532,1.0,No,No,8.74102278721567,0,8.740826619048752,A,0.6179952950406163
2164,23.0,Male,8.263924677129477,3.0146175478979162,1.4135178058157027,Moderate,4.02563630767038,,No,No,6.580350811556636,0,6.579931047027113,A,0.6156834804027174
1009,20.0,Male,6.359743776309771,4.827833076497116,3.544894618871296,Healthy,1.4005476754374673,4.0,Yes,No,7.1936020440811355,0,7.193652710621315,A,0.9468217499864638
2015,23.0,Male,7.223608224112012,3.5524809128307346,2.284318646972878,Healthy,4.271484263564254,3.0,Yes,Yes,6.1814862995959174,1,6.181343273326134,A,0.10391582408823086
1453,22.0,Male,,2.806313922718771,5.263079434983867,Moderate,0.4810697070916419,2.0,Yes,No,7.470650945691469,0,7.47034325692603,A,0.25888566265918866
1254,21.0,Male,7.6945883395343815,6.395566786434339,3.2750133209976315,Moderate,0.6125723975111796,1.0,No,No,8.46395423866607,0,8.466134127974351,A,0.6160108919889606
1897,23.0,Female,4.763594508301981,5.161173054045975,3.5725358017194204,Moderate,3.0259014476740185,2.0,No,Yes,7.571878527508816,0,7.572628440427137,A,0.11862061181638328
2078,19.0,Male,5.532807669401842,5.069769755322112,2.0796861610662747,Moderate,5.660105340014892,4.0,No,Yes,6.233706291897319,1,6.234147161243768,A,0.590289503278365
1881,18.0,Female,,5.7276838383043716,3.1519605827298953,Moderate,1.8905573041227979,3.0,No,Yes,7.362364093047039,1,7.363736637331136,A,0.3294679908080017
2162,22.0,Female,7.120043382378159,7.352309670595748,4.69422346942188,,5.230487997156782,1.0,Yes,Yes,8.204218666749968,0,8.204637103677877,A,0.059695862752942586
1624,22.0,Female,,7.3790057464398,2.448606800759721,,3.8307970523303014,1.0,Yes,No,7.560323367220813,1,7.56179984462673,A,0.10051084620425199
1346,20.0,Female,6.658815807683207,4.829969003240289,,Healthy,3.507293323953505,1.0,No,Yes,7.076068118014989,0,7.075421936654079,A,0.19154733903684296
2101,22.0,male,7.073132875708125,,6.7810630382369546,Unhealthy,0.6727169027971684,5.0,Yes,Yes,7.519015575089026,0,7.51998742905961,A,0.8751290554711104
1263,20.0,Male,7.4893124748619755,7.029610366313089,4.281359790865249,Moderate,1.5035417421648505,3.0,Yes,Yes,8.165761937515724,0,8.16569591581059,A,0.07593457524976144
1151,150.0,Male,7.178552503002912,5.1856100216170855,1.827314655400008,Healthy,1.765728082068648,1.0,No,No,8.029264481012904,0,8.030628763966606,A,0.4790457387946232
1473,22.0,Male,4.381735621636581,5.831495006948586,6.298271780223498,Unhealthy,3.131264805090839,4.0,No,Yes,7.222353162445124,0,7.222191167589136,A,0.9484657602736191
1641,24.0,Male,6.610824845905349,4.601959837528618,5.084340387870093,Moderate,3.8813270589703244,4.0,No,No,7.093943444569105,1,7.096223316144855,A,0.7620282309181695
1305,23.0,M,4.78743631737651,4.9701474936401215,3.472564554174256,Healthy,5.207762542091872,2.0,No,Yes,7.635420324997202,0,7.636777521061454,A,0.5957326378148747
2159,21.0,Female,7.8683039371331365,4.531597708090021,2.9237300743360777,Moderate,2.918752715076879,3.0,Yes,Yes,7.019487943400649,0,7.019967263770194,A,0.6885164139034134
1551,26.0,Female,5.284779378334206,,1.787054295191167,Moderate,1.6155656080610616,5.0,No,No,7.504619381266834,0,7.506463685440039,A,0.6647619408031905
1929,22.0,Male,6.658248575745382,,1.897105107359502,Moderate,3.2643753116192733,,No,No,7.0131062898912875,0,7.0143036046255745,A,0.6408897156596528
1489,25.0,Female,7.143556363017073,7.052704090647694,3.59865480794738,Healthy,0.9593549660157588,1.0,No,No,9.348238329065492,0,9.348458337371222,A,0.5679397328570356
2110,18.0,Female,7.590071956720765,5.825650266402178,3.2272754576219675,Moderate,3.492991088867428,1.0,No,No,7.748829640134609,0,7.751264172803459,A,0.5523384095491858
1147,18.0,FEMALE,5.083999065839289,4.097808782661491,3.7056755333552562,Moderate,0.5294744090860846,,,No,6.82196859369893,0,6.821168030766185,A,0.4081418393461933
1403,21.0,Female,,2.2679744871130425,1.5078403214570328,Healthy,1.4810608646321914,5.0,No,Yes,6.037944004411964,1,6.037962311084895,A,0.9295660096331743
1955,25.0,Female,6.7581177629828435,6.702912097479783,2.566641178721013,Unhealthy,4.694487510882621,5.0,No,No,8.524157715460763,0,8.5232462838979,A,0.9547950274403274
2154,27.0,Male,6.985978782709612,4.909861628367302,2.4629860411634663,,4.497296613773483,,Yes,No,6.607561307933033,0,6.607389006578245,A,0.6437161698960808
1660,20.0,Female,7.273470094380776,3.8567061034441266,1.2112771098262833,Moderate,1.1855550759547973,1.0,Yes,Yes,7.011141835142871,0,7.0102806600282115,A,0.8168748619808778
1464,22.0,Female,8.408542757499228,7.886744055518859,3.9520659631350066,Healthy,3.0433393316710413,1.0,No,No,8.943347525232252,0,8.944232458494216,A,0.9335391552007086
1187,19.0,Female,6.196542264418603,2.4813343585644243,2.576956428315083,,0.3869302552222824,5.0,,No,6.211471588734432,0,6.211873754268885,A,0.8404343192832971
1609,27.0,Male,4.945590578640758,4.953884251609205,3.1104848924882917,Moderate,6.0383917946432355,2.0,No,No,6.634311406039597,0,6.635660827736449,A,0.14116610172146538
1144,22.0,Female,7.9794823209232355,5.538194125859381,3.895418845963325,Moderate,3.6518249566968555,1.0,No,No,7.642014171707314,0,7.640225516323239,A,0.9872543868608756
1752,19.0,Female,2.842840921576695,6.123220828973715,2.9210818604169164,Healthy,2.5531436412620807,3.0,No,Yes,6.815194022115493,1,6.8161971338498315,A,0.9870552790268564
1982,25.0,Male,5.666883485302318,,3.0317979652685487,Moderate,5.527120896390022,2.0,Yes,Yes,6.4785661661643115,1,6.4781107666834705,A,0.19539636433865037
1198,19.0,Female,7.59957372928948,5.069087207865673,4.139077813246114,Moderate,1.0944529176833464,5.0,Yes,Yes,8.14804392491729,1,8.146251147578342,A,0.6427948406334395
1884,19.0,Female,7.097507521123254,2.975198881556426,3.0289911355010846,Moderate,7.222319470129813,2.0,Yes,No,5.893010577091436,0,5.892896833854328,A,0.7050145006448767
1280,18.0,Male,8.226446578831077,3.56474493068053,5.775694850765631,Unhealthy,4.627316908740467,4.0,No,No,7.241310260689198,1,7.241220015103708,A,0.5780844969983808
1294,21.0,Male,6.608891076502608,,3.015503344773532,Healthy,2.820278327031414,5.0,No,No,5.992518047803112,0,5.992696709785809,A,0.7142327243500672
2118,23.0,male,6.516026709852407,6.334019380658524,3.1513523027206016,Unhealthy,7.6999848210981146,1.0,No,No,7.580664648989842,0,7.5792412488852,A,0.8240371987688065
1401,27.0,Male,5.3717345492891395,4.1869941447110435,2.6407934023255146,Unhealthy,3.054443816740717,3.0,No,No,7.171326662887785,0,7.171790873482604,A,0.2041254795701949
1123,24.0,Female,4.908324676017742,5.160657545014208,1.180921801436115,Healthy,1.4330424490870521,3.0,No,No,7.609309004049898,0,7.610393160073309,A,0.9483303075574022
1203,22.0,Male,5.147614507758964,5.302017279822383,4.387048795154688,Unhealthy,3.6396771792061733,4.0,No,Yes,6.5747866663162124,1,6.5764103785117705,A,0.153107952063957
1836,25.0,Female,9.156983138950293,4.372597414454286,1.1001055954037364,Unhealthy,0.8980465483228444,5.0,No,No,7.972487560728115,0,7.971459259115408,A,0.6222027610785109
1247,25.0,Female,5.997381507289954,2.4979481001663553,3.401310429189831,Unhealthy,0.3873840161281099,2.0,Yes,No,6.260831081444331,0,6.261643079957116,A,0.6227601698242372
2169,27.0,Male,6.8129052609694005,,6.362756700016479,,3.6206707402016187,4.0,Yes,Yes,7.343468327667175,1,7.344118463362755,A,0.5329642243391982
1385,18.0,Female,7.161430074442033,4.7498363989970205,2.916819937788128,Moderate,2.0945954771062416,1.0,Yes,No,7.921535087738081,0,7.92007282882998,A,0.6940197178380764
1855,20.0,M,7.198220527168495,8.351139621196598,3.5505802900213324,Moderate,1.6979976128419827,2.0,No,Yes,8.306104425373507,0,8.304878379275621,A,0.6378932007649366
1220,27.0,Male,6.302418766947259,5.509712861735646,5.027522059290161,Healthy,1.1381560138313425,,No,No,7.002559226932943,1,7.003430230109524,A,0.0021407649923053107
1642,27.0,Male,4.194900888925782,4.306217924085762,2.6140231721014913,Moderate,-0.5082694240522638,5.0,Yes,Yes,6.963586662399008,1,6.962563638367516,A,0.3412058689229325
1002,25.0,Male,5.466989985771716,7.220148805570874,5.514892197368544,Moderate,-0.3113789816444359,5.0,No,No,7.28095197626956,0,7.281350166180849,A,0.8273625199471958
1113,23.0,Female,5.780300661057362,1.9525706470054596,1.429186859884446,Moderate,2.278202738155708,1.0,No,No,7.539940297967378,0,7.540193015588557,A,0.7185132266906143
1699,18.0,Female,8.195015683953207,8.707713614083204,2.2998162179347204,Moderate,3.357787219479693,4.0,No,Yes,8.2168171907006,0,8.216416997488903,A,0.5294141016195433
1952,21.0,Male,6.1889488888219,6.294726108056208,4.4319416904784585,Moderate,1.107883294919237,1.0,No,Yes,7.811562477419708,0,7.812239853715683,A,0.6482888298391255
2108,27.0,Male,5.1914632969394265,4.545197574934254,2.3308115874706754,Moderate,4.028608605929419,1.0,No,No,7.296902174858068,0,7.296867568858537,A,0.9084160580207288
1442,21.0,Male,8.129745315040713,5.163053229220115,2.5387083529244765,Healthy,2.2973442157206034,5.0,No,No,7.514170531381687,0,7.514376590896873,A,0.8870938238883462
1664,20.0,Male,,2.9626049077118157,5.925208476262528,,4.155079168224937,2.0,,Yes,7.096600488671167,1,7.097087436431664,A,0.3496377968732406
2125,26.0,Female,7.665207603151026,5.134263499645721,,Moderate,2.5442570182900703,3.0,Yes,Yes,7.164094547468987,0,7.162641034990463,A,0.3048731757875396
1318,25.0,M,7.17597568821971,4.667605745002846,5.109923300475967,Moderate,0.9114831372722643,3.0,No,No,7.711492241054486,0,7.711449455480861,A,0.3027226467987649
1649,27.0,Female,6.828564614388223,4.368270526014268,3.8308144804182476,Moderate,3.5133706674583634,4.0,Yes,No,6.894376099713765,0,6.893461383528413,A,0.3178888286735788
1710,22.0,Female,5.066761423130649,6.156048173142144,5.7661746200914035,Unhealthy,1.2621779797586443,1.0,Yes,No,7.760421727844869,0,7.759886369041598,A,0.12677492213518093
1973,22.0,Female,6.79872069247599,4.629764306732621,1.6281674298091169,Healthy,1.9327727742073078,4.0,Yes,No,6.961955939635407,0,6.96041747329037,A,0.5100100842442815
1628,21.0,Female,6.490514581552117,7.441102009197029,4.232905801663015,Moderate,5.1061195275953795,3.0,Yes,No,7.087471246994108,1,7.089123925210326,A,0.00924893168363583
1633,22.0,Female,6.107233483693971,3.1849207254664487,3.4249301972259687,,5.253789764115465,4.0,No,Yes,6.001452206930266,1,6.001224715750513,A,0.9988476323424802
1176,22.0,male,,5.946857492100722,2.288879289950458,Moderate,3.789869742051054,3.0,Yes,No,7.730894829746476,1,7.729933545333864,A,0.2676174254286655
2136,18.0,Female,6.132657141848055,5.892035317055276,3.011983963361914,Unhealthy,5.126208175946985,1.0,No,No,7.2078463713884355,0,7.208078814482442,A,0.5416179349689149
1796,20.0,Male,5.79673803202933,3.9526678104011412,5.93203877311687,Moderate,4.07234623208109,2.0,No,No,6.092621411347348,0,6.09147042143861,A,0.16623701145828862
1646,21.0,Female,7.652881169113357,6.109446807479843,2.484696421761452,Healthy,2.7449074280211025,2.0,No,No,7.769864941808904,0,7.769233318688962,A,0.3130580019067061
2013,20.0,Female,7.077234397716387,5.937817895869198,1.6529733698786946,Healthy,6.331536541724281,3.0,Yes,No,7.261271779746571,0,7.261702055115002,A,0.8763502346064732
1557,25.0,Male,7.75677834328851,3.9170081903949328,2.0316050963134917,Unhealthy,-0.5508676035489035,5.0,Yes,No,6.930607057916557,0,6.930169842549696,A,0.07585770777602807
1682,19.0,M,4.054725790718338,4.439729004228729,2.959566245347189,Healthy,2.7474891820669223,4.0,No,Yes,6.71148855197229,1,6.710724830801098,A,0.5827015103583273
1578,23.0,Male,8.272872397969603,6.8977399182324906,8.181069603366272,Healthy,0.9349203153693657,5.0,No,No,8.43908660136939,0,8.439565245034052,A,0.6489468973564484
1525,21.0,Female,6.330325397427438,4.404208535124389,2.3380282591564763,Moderate,4.36047870753907,5.0,Yes,Yes,6.476100194440588,1,6.477853279288304,A,0.5492313681392259
2060,21.0,Female,5.5471477499613755,3.5323386799378484,4.269187868858409,Moderate,3.136970062060529,3.0,Yes,Yes,7.434972903473023,1,7.434436145373166,A,0.8957741633213641
1541,25.0,Male,6.784191340145633,4.3866513646868155,2.4724809305842257,Unhealthy,2.554296540376033,4.0,No,Yes,7.152910797905327,0,7.152654063978906,A,0.6197178463187532
1749,21.0,Male,7.1622305258375505,7.423973636243072,3.0651750365271866,,1.0446229958133386,1.0,No,No,8.436494254631178,0,8.436484443809373,A,0.3142429780247745
2139,25.0,Male,3.1847893931915086,,0.2811174501470375,Unhealthy,2.3990073132116043,4.0,No,No,7.588389803386219,1,7.58817872357254,A,0.79530416888832
1485,22.0,Male,6.2856137971833315,6.1792989029793715,2.7344796208853444,Moderate,3.3688907825764347,2.0,Yes,Yes,8.108789825802402,0,8.11074472539405,A,0.2471535497961499
1096,20.0,Female,5.9213210255564945,2.1251037987226837,3.0064614635147398,Healthy,2.4569746029644772,1.0,No,Yes,6.964942644110032,1,6.964264934352686,A,0.6239491961994138
2021,18.0,Female,4.411396413166621,4.889782007614399,,Healthy,2.656008822396162,3.0,Yes,No,7.483095481724509,0,7.482213112403387,A,0.7008208597422195
1564,19.0,Female,5.864873231960128,,2.5435347457653115,Healthy,8.040154684645788,3.0,Yes,No,6.474961380006963,1,6.4751178146753166,A,0.05046095096904113
1743,24.0,Female,6.538844120872437,6.137529548966098,3.3894170218548214,Healthy,0.26694273442801597,4.0,No,No,8.627996826182175,0,8.627638948070931,A,0.8857459663901738
1864,25.0,Female,3.3777340219379735,4.905879974046987,0.9142313495541079,Healthy,2.7782754676339705,2.0,No,Yes,6.7215471848930335,1,6.721141601852103,A,0.03998200207904712
1892,25.0,Male,7.199729762789292,5.513005186131532,6.703794055039227,Moderate,2.5741100559930072,2.0,No,Yes,7.535207807496608,0,7.533990938903214,A,0.2791351016120668
2039,22.0,Male,6.608960028332057,3.930429377463029,,Moderate,3.957917087721277,2.0,,No,6.435837651828732,0,6.4353520947123695,A,0.6044097974593572
1207,25.0,Male,4.682294269047753,8.409487738969084,2.3408047299796646,Unhealthy,2.187784399968431,1.0,Yes,No,8.574965618178894,0,8.57531530210381,A,0.08722840988938807
1393,21.0,Male,5.625667417688567,5.958139072513966,1.8601981119826274,Moderate,3.296437715675493,4.0,No,Yes,7.489308688075595,0,7.487739621331757,A,0.8694697771188493
1795,22.0,Female,6.156360636961789,2.8145218688280984,2.328200382335309,Healthy,0.5342817626181398,2.0,Yes,No,7.198444084567509,1,7.199376079960848,A,0.2787492139914963
1871,22.0,Male,6.636497784183372,4.272903857676509,5.861922740020322,Unhealthy,2.297630470500244,,No,No,7.472571585512398,0,7.472864429272336,A,0.7249672446196165
1398,19.0,Female,,2.574560899752581,5.010381601427744,Moderate,3.6828104993116315,,Yes,Yes,5.887222322710355,0,5.885584429243594,A,0.9263557317673865
1767,24.0,Male,4.437006639348744,6.002626527929014,5.755342754743519,Moderate,2.9981761814340917,5.0,No,No,6.487069333854634,0,6.485612751739627,A,0.5662058194384189
2129,23.0,Male,7.943240967843375,4.576978277097186,3.3979765201169747,Unhealthy,-0.8953383686515264,3.0,Yes,No,8.134100993570181,0,8.134253007415296,A,0.8142183311115826
2029,23.0,Male,5.301026130402786,3.80648173749412,3.3601072689631204,Unhealthy,0.7648719381275395,3.0,No,No,6.8175164518403255,0,6.818902380784798,A,0.07528840092519162
1643,26.0,Female,7.07244215267175,2.0394759853870976,3.0132679600454186,Healthy,2.1957646689500336,3.0,No,Yes,6.920785145002768,0,6.922334324247476,A,0.5217635851137898
1613,25.0,Female,4.883836941464521,3.82361223662723,3.614903377470851,Unhealthy,1.0459735771520946,4.0,Yes,No,6.365503957675746,0,6.36653309261678,A,0.1452621897234352
1961,19.0,Female,6.466378658125107,6.365152242409657,4.558880414451091,Healthy,0.3717596462667947,5.0,No,Yes,7.734888956281606,0,7.735940678371801,A,0.8165633294540459
1726,19.0,Male,7.151429869373115,6.454114686122308,3.6207710787183576,Moderate,1.7058953426347856,5.0,Yes,Yes,7.579115308790874,1,7.578970487712864,A,0.9036214402281574
1684,27.0,Female,5.158033019352147,5.784265641123546,3.7512197003191665,Healthy,5.554030887651548,1.0,No,Yes,7.495136793222442,1,7.496728060428106,A,0.5679767637820737
1099,24.0,Female,7.45493361169308,4.768083862070137,2.3557910311582484,Unhealthy,3.978853046252231,5.0,Yes,No,6.824370980684254,1,6.8228978801116185,A,0.0931066421281248
1805,25.0,Female,5.98344999984565,3.623436538249611,2.7941599472456162,Healthy,5.664413764148353,3.0,No,No,6.081158026979489,0,6.081374484022943,A,0.8518106554557561
1407,22.0,Male,6.53015445345924,6.451588080169211,0.6544423221852766,Moderate,5.139029857089628,5.0,No,No,7.991569888564082,0,7.990989649244555,A,0.02925044006214428
1503,27.0,Female,6.768760914048137,5.765208073420162,1.7638402511039932,Healthy,3.3017726365080633,1.0,Yes,No,8.200361804019922,0,8.200693903498061,A,0.6392973257699487
2072,20.0,Male,5.24726711423763,5.789303027185843,1.200897261263947,Healthy,0.3816410288554133,3.0,Yes,Yes,7.224072003032889,0,7.223846160922216,A,0.027934479994540795
2057,22.0,Female,6.611215335234805,5.01199104432322,1.34102257599117,Moderate,4.948358612910507,1.0,Yes,Yes,8.097581211738108,1,8.098906196091763,A,0.9826088762827137
1930,23.0,Male,7.48251674041693,5.830930258992986,,Healthy,0.4035596684778122,2.0,No,No,7.8599953899108685,0,7.85880927352914,A,0.35709916413355336
1780,26.0,Female,3.8835605495141734,5.382790027634025,2.2727994007466443,Healthy,-0.4412672875527086,1.0,Yes,No,7.099165660634654,1,7.100210770053418,A,0.2555975716961697
1201,21.0,Female,6.044376169828927,6.700353054313437,2.9024314909217863,Moderate,5.605883369893326,1.0,Yes,No,8.261214283294665,0,8.262787468701424,A,0.8159876678426242
1135,25.0,Female,5.111042441319894,4.177890600132765,1.4069306117301679,Moderate,3.5220901649947596,3.0,No,No,6.827385091440928,0,6.826893542760009,A,0.3494323698537579
2052,21.0,Female,6.516677851199013,5.098298871245076,5.4883457514169685,Healthy,2.04994353655219,1.0,No,No,7.069643085350799,1,7.069208469155819,A,0.6856160237832024
1041,19.0,Female,,3.701090174251571,3.105203277549191,Healthy,0.4762272071230229,5.0,Yes,Yes,6.8080152737362996,1,6.808175637401989,A,0.2763734647440481
2018,22.0,Female,,5.487327078236877,,Healthy,2.391892803569528,2.0,No,No,7.8269338394515895,0,7.828331809693173,A,0.49548219472725497
1231,22.0,Male,4.254538260726815,2.5877212831826877,0.784285552331359,Unhealthy,6.7497797263062616,4.0,Yes,No,5.674995055017981,1,5.6752828760263005,A,0.01162465026038284
1379,21.0,Male,6.784346466463095,3.7527158410004353,1.7432651118335256,Moderate,2.0417198712613804,2.0,No,Yes,7.266099941047351,0,7.266929641663081,A,0.9493903951921164
1289,23.0,FEMALE,6.3737310388989545,6.92988519693085,0.9692887206797138,Moderate,4.608873036403651,1.0,Yes,No,8.040060207345539,0,8.040655470856981,A,0.10175125132087781
1419,20.0,Male,,5.7516281489336984,2.4637048371681973,Moderate,4.321602298247045,3.0,No,No,7.493611479194177,0,7.493502837020132,A,0.40919706309995296
1392,19.0,Male,5.7459546702566255,,-0.004220607788744335,Unhealthy,5.590804388180477,1.0,Yes,No,6.679074181353771,0,6.67810946078853,A,0.6962286739436482
1593,20.0,Male,,5.796834842888872,3.5417968260809944,Moderate,2.449577161826884,2.0,No,No,8.006494423402362,0,8.007538840041239,A,0.9599013977970557
2087,26.0,Female,5.256101630156412,2.628033827733511,1.5830581002125996,Moderate,5.68481972960778,4.0,Yes,No,5.704981089718054,0,5.704995896736285,A,0.2103700712104135
1648,23.0,FEMALE,4.1313993561692435,4.470134462258588,3.4509222101468047,Unhealthy,4.520227547489663,1.0,No,No,6.864589741529998,0,6.864073245112089,A,0.46187836031041174
1521,21.0,Male,5.732595930935029,4.997122399986419,,Moderate,4.626886239497132,4.0,No,No,7.073511951274793,1,7.072902783063252,A,0.8397878199680053
1065,22.0,Male,,4.974744914399861,4.840411314653908,Moderate,4.092119719341108,2.0,No,Yes,7.289432324865959,1,7.290866108820465,A,0.019510265335404342
1015,25.0,Male,6.939451517340725,5.06394653665662,3.836363764237224,Healthy,3.7681840599915075,5.0,No,No,6.832166359587401,0,6.83084496542355,A,0.416737650585681
2065,25.0,Male,9.12303651970115,7.815704712997464,1.9526209547057083,Healthy,2.625920060303322,1.0,No,No,9.825820719709986,0,9.82420310436115,A,0.6115171768142922
1493,25.0,Female,6.966169041021849,4.9084739734573875,4.298725504769729,Moderate,3.354785851568164,1.0,No,No,7.337125254859929,0,7.337509739193259,A,0.6352698632399278
1380,20.0,Female,6.3740502127997924,2.3354485417306687,,Moderate,1.3440358000673462,5.0,No,Yes,6.62209380491481,1,6.621164329892747,A,0.3060067220564344
1188,21.0,Male,7.174727446297392,4.83764999251554,2.0522764663758286,Moderate,4.407132410486071,4.0,No,Yes,7.299675715802299,1,7.30088463175457,A,0.9486589427176836
1764,27.0,Female,5.2793307906780305,5.619337092833601,3.7080143525671105,Healthy,0.6148926609143635,1.0,Yes,Yes,8.405527496326268,0,8.406193935051421,A,0.36469432393546086
1217,18.0,Female,7.971240691892816,3.5133405266189746,3.5626622456312864,Unhealthy,6.768801931480892,3.0,No,No,6.930653293249246,1,6.931519566161192,A,0.07794226228138745
1792,22.0,Male,5.270565304504393,3.835288387777454,1.8739530952437582,Moderate,4.6526632053741,3.0,Yes,No,6.271210736925874,0,6.270161839019576,A,0.21319387709969861
2077,25.0,Male,7.975250861180125,7.9733904502183846,5.279287018963776,Moderate,1.8091580080375884,4.0,Yes,No,8.65742381078984,0,8.658829976844933,A,0.4308380824599254
1879,23.0,Male,8.799733852082493,5.389312648357308,2.9442588225991755,Healthy,2.9009496604974667,3.0,No,No,7.926009331606942,0,7.925679982547706,A,0.5125443927046205
1338,21.0,Male,5.750475910141785,3.3319336184611985,3.9937891946719204,Healthy,4.33849260017943,4.0,No,No,5.595301785503073,1,5.596644778155504,A,0.7100702967863061
1720,23.0,Female,6.621736916780059,4.216381352853465,2.3043825933036945,Healthy,4.92893731180033,2.0,Yes,Yes,6.59342240419814,0,6.592826076345131,A,0.708864042335941
1296,23.0,Male,6.928783307252752,5.674722989834802,3.5922169067191363,Healthy,2.7182305601128287,5.0,No,Yes,8.224876987459378,1,8.22481716477815,A,0.4399880581597845
2017,21.0,Male,9.045372083160402,5.338789754474829,2.470355502873291,Moderate,2.9255928942649625,4.0,No,No,7.877238748927664,0,7.877887810808223,A,0.6536828601464468
1456,23.0,Male,5.5877718936573135,6.264761465034003,3.00777967298853,Moderate,6.445785735486807,3.0,Yes,No,7.269560559602742,1,7.268313972108699,A,0.07746040536507126
1816,26.0,Male,7.086402229360768,5.5700349485729195,1.0134266878846674,Unhealthy,2.8848258198685826,5.0,Yes,No,7.3318600044526026,0,7.3316240496027625,A,0.15547461055460587
1270,23.0,Male,4.5374441018505705,5.007984290677551,1.8378420066324597,Healthy,4.846929546276359,2.0,Yes,No,7.583817411094413,1,7.5860065971722195,A,0.15397667904887735
1996,24.0,Female,5.607366887485239,5.248418225348978,1.1145244869459763,,5.593938200832031,3.0,No,No,7.071656951351813,1,7.073622230296464,A,0.491288651943804
1202,27.0,Male,6.952337342834447,3.5876935966552983,4.754619271478275,Healthy,6.0144324001345115,5.0,Yes,No,6.157928228438736,1,6.158819150149289,A,0.21689755571413916
1162,24.0,Male,7.660959527510013,,,Moderate,2.415725587385373,2.0,No,No,7.913856917738451,0,7.912398207142143,A,0.9910304746457977
1730,24.0,Female,,3.823786559794387,4.922000784696779,,2.7973741674576167,4.0,No,No,5.938023666408942,0,5.939415011806928,A,0.6433968542534914
1402,25.0,Female,5.738224203234252,3.9589350142135373,1.7937750576375615,Moderate,2.560463545616996,4.0,Yes,No,6.787846084036903,1,6.787459714077164,A,0.9967687854245231
1703,19.0,Female,6.249161292767096,5.38473796766531,1.8009953035125394,Moderate,2.5667934984557017,3.0,No,No,7.628027969142643,0,7.628215333383694,A,0.4361170632001834
2130,24.0,Male,5.988074020329081,5.362178239403644,1.8853193886683242,Moderate,2.8459691763804744,1.0,Yes,Yes,7.945399326148943,0,7.94571176909102,A,0.16433582694414128
1566,20.0,Female,6.5450278788075185,4.53254084907542,1.5341306533022152,Moderate,3.293526374278862,3.0,No,No,7.230863641499109,0,7.229872567213085,A,0.8078122363607148
2022,18.0,Male,6.520801554981569,5.6391859202291394,3.701422239851532,Unhealthy,-1.2393057933209404,1.0,No,No,8.61766691603818,0,8.617213010766243,A,0.9658698775644909
2026,18.0,Female,7.158779448892293,4.233748161420476,,Moderate,5.624016050480524,1.0,,No,7.435397649136733,1,7.436463028906809,A,0.6460792421452668
2105,21.0,Female,4.284395586655424,7.131613907104676,5.779297462407859,Healthy,6.632877978825935,4.0,No,No,6.970809157455891,1,6.970876161797691,A,0.30327392313872303
1206,20.0,Male,7.651508630900088,5.704040989431161,4.125635331605365,Moderate,4.715946392957006,1.0,No,Yes,8.423998669462717,1,8.422751159976658,A,0.7410857403728923
1035,26.0,Female,8.281902544080621,4.0336876244203275,0.3375854331319097,Moderate,2.9089973354616494,3.0,No,No,7.037767973906856,0,7.038540588569933,A,0.051134561745864504
1776,27.0,Male,5.538057391077859,7.9582939279157205,2.62519161137166,Unhealthy,1.2152094373655493,3.0,,Yes,7.801402871196178,0,7.801024214911639,A,0.04590701818551002
1509,20.0,Male,6.662148142241699,3.3895764062936493,2.7595605857654713,Moderate,2.985283547538019,1.0,No,No,6.662163453189079,1,6.662765041948891,A,0.43348902267073597
1825,24.0,Male,5.5324618151783795,4.464042409599776,0.5565036524095506,Unhealthy,5.488189402613637,2.0,No,Yes,6.8201238785196905,0,6.817972973952187,A,0.1532982379356882
1092,26.0,Female,5.745818323835852,5.134389151052652,3.521901715774066,Unhealthy,3.624025347738676,5.0,No,Yes,6.806848913969592,1,6.807251532648961,A,0.021874933287801657
1898,18.0,Female,8.566831930394779,3.3617265093695625,,Healthy,3.625516757879552,1.0,No,No,7.85802685946426,0,7.858466970167526,A,0.6604220582189083
1565,26.0,Female,6.587930377502835,2.974367872916922,2.6792165985091283,Unhealthy,4.364681271194276,3.0,Yes,Yes,6.537183096268086,0,6.53628150279589,A,0.9842300781460926
1777,22.0,Female,4.970457917581393,4.716131455147412,-0.057915759858612414,Healthy,0.9366583696883959,4.0,Yes,No,7.229703022839564,1,7.230522913610892,A,0.5491218481913619
1242,23.0,Female,7.333604733954091,3.6537605437180067,-0.9377200261452034,Moderate,3.065598706487357,2.0,Yes,No,7.124843445525807,0,7.125159551976231,A,0.651100016701223
1014,25.0,Female,6.678352514363397,3.95146722034411,3.2790792654782828,Moderate,-0.2546928844687315,5.0,,Yes,7.077088906285117,0,7.077487965482619,A,0.9926693614493907
1316,24.0,Female,8.547023216653477,5.680993447170438,,Moderate,3.3949919255158765,2.0,No,No,8.273070170633037,0,8.273753207716158,A,0.830955841433985
1601,24.0,Male,5.2377352725219035,5.0424901176244115,2.6616494683970937,Moderate,2.427228350161348,3.0,Yes,Yes,7.09035384282608,0,7.091037460342632,A,0.7030222149693987
1388,26.0,Male,5.630788976710159,4.409543793054434,6.57579155697281,Moderate,2.781122537376224,4.0,No,No,7.070461084779095,1,7.068387618422436,A,0.36604395928104194
1167,21.0,Male,4.246413480840911,6.722384636773983,1.8963720146245204,Healthy,3.3143013255021687,5.0,No,Yes,6.181817695153591,1,6.1803869578959905,A,0.2882653535049121
1841,20.0,Male,,5.643448086690798,2.876511482710899,Healthy,5.802410280175379,1.0,Yes,Yes,7.593904882487005,0,7.592975435069352,A,0.21152287994165886
1021,23.0,Female,6.487233588058168,6.026056869676072,3.4635035341285514,Healthy,5.234947073217732,2.0,Yes,No,7.357276425286902,1,7.356606294545575,A,0.3458430447561033
1647,22.0,Male,4.156621363942103,8.539657901494419,3.0512665735868616,Unhealthy,2.3416379057144447,1.0,Yes,Yes,8.26198151523885,0,8.261533558703599,A,0.8855934125269594
2155,21.0,Male,9.181263495437218,5.01886775352775,3.4310710644653257,Unhealthy,2.015798839924397,5.0,Yes,No,7.520269483304025,0,7.519846875184138,A,0.945083153589398
1832,20.0,Male,6.970413124838908,25.0,,Moderate,3.9327327890121033,2.0,No,No,7.857104597735635,1,7.858058855650381,A,0.4826338195621567
1563,22.0,Male,5.3713637413985404,6.201078682504483,4.515095545297392,Unhealthy,5.608081244551537,3.0,No,No,7.7354498568342365,1,7.736656028536271,A,0.6836492383453451
2200,24.0,Female,7.076401155057655,4.745188274630391,5.409541725946077,,8.928937395062668,5.0,Yes,No,6.565610277547301,1,6.5659985049400404,A,0.43175817861540033
1687,22.0,Female,5.730148735060584,6.493788086558541,2.5984337594287883,Healthy,2.7939809814270458,4.0,No,No,7.344991801495819,0,7.346232534744961,A,0.8168537455886287
1958,24.0,Female,6.553060403480219,,3.4775388398621003,Healthy,3.1660780802577193,4.0,Yes,Yes,6.986536861956846,0,6.987814025294202,A,0.3687520530669005
1190,21.0,Female,6.923152644700607,1.8724575549801834,4.136665141404281,Moderate,5.31479525642091,4.0,Yes,No,5.665205538923559,0,5.66440847377171,A,0.0006483831624555236
1976,20.0,FEMALE,8.010937819201683,2.5579366790731832,4.03583597741138,Moderate,0.06665503712826881,2.0,No,Yes,7.709938474417745,0,7.707743394639172,A,0.7959061480773684
1700,18.0,Male,7.72891860780923,5.255762279029474,4.301663280789272,Moderate,4.346404072924616,4.0,No,Yes,7.54795218176281,1,7.547888871509965,A,0.6544221424578042
1511,27.0,Male,6.227096704827339,5.17547035103583,1.176302552236687,Unhealthy,5.633712300375297,4.0,Yes,No,6.917768772848244,1,6.916315714651894,A,0.9844044712748163
2083,27.0,Male,4.601399580647699,4.367994088031451,2.9118260226288495,Moderate,5.186498654096006,4.0,No,No,7.610004745444226,1,7.611367393187233,A,0.43003452247211527
1475,24.0,Female,6.509938291949513,6.79450922805537,1.9602195807863318,Moderate,2.4334104901476152,4.0,No,Yes,8.152757924172807,1,8.152397474519647,A,0.2755278807961583
1857,20.0,Female,6.517616167867653,7.140477150839704,4.734511945348535,Unhealthy,6.457621479754838,4.0,No,No,6.858041153462039,1,6.859774081220274,A,0.7040116993145091
1748,21.0,Female,7.111784849331341,6.82322362474654,3.056819991734398,Moderate,4.474813656313993,1.0,Yes,Yes,8.6366685655929,0,8.6373728486133,A,0.059344071692626676
1253,19.0,Male,9.175128332667168,4.988649055053274,2.9057899152840667,Unhealthy,4.538927555696439,4.0,Yes,No,7.743345753843661,1,7.744105085574929,A,0.05288833198659171
1022,21.0,Female,4.848335001106463,4.0788728369834475,6.048505537065507,Unhealthy,2.263349448101671,3.0,Yes,No,6.359605551652982,1,6.36014927780777,A,0.9632640157139396
1460,19.0,Male,7.910607891810535,3.4531968973406224,0.6862730882976598,Healthy,1.149583263786285,3.0,No,Yes,7.064567880307079,0,7.065748408222208,A,0.7428021444726454
2185,22.0,Male,8.302435102211756,3.8587028824277345,1.4240041511502766,,3.632636750847565,1.0,No,No,7.960839418319591,0,7.9606474005602506,A,0.1333880145417733
1277,22.0,Male,5.702448799924243,5.882960227606104,0.9258927445520597,Moderate,2.48060499553848,2.0,No,Yes,7.561845057599342,1,7.561105055489369,A,0.10791794730905191
1956,24.0,Male,7.427047769099313,6.1608367713647985,0.39177680621860267,Moderate,2.833755227691818,4.0,Yes,No,7.461406453974819,1,7.4615030087211185,A,0.910897837268964
1386,19.0,Male,6.97461092763501,6.124648330487185,,Unhealthy,3.503676477034423,3.0,Yes,No,8.77952856421713,0,8.781188096816889,A,0.47382484483319964
1806,25.0,Male,,3.2174167181025957,4.1042163933915825,Healthy,3.94512967355172,3.0,No,No,6.6659252359523,0,6.665133995134042,A,0.16203663834884097
1344,23.0,Female,6.448239692430911,0.70772244484899,1.4282396716952697,Moderate,4.120393884167037,1.0,Yes,No,5.531452368163107,0,5.5313329273915635,A,0.423627499693905
1770,21.0,Male,8.052211962151244,4.06459623555596,4.532315798972229,Moderate,4.442443025439988,3.0,No,No,7.21996810476012,1,7.219346605724698,A,0.9469798701752478
1131,23.0,Male,6.809168505105393,6.635989904132199,,Healthy,1.2660022731548202,4.0,No,No,7.89249529927112,0,7.8915981228297145,A,0.31284777370040295
1872,20.0,Female,7.384203837104061,5.818690639774929,4.271809934246013,Unhealthy,3.6292043075377083,5.0,Yes,No,7.738793390114896,1,7.738011123192872,A,0.999094078797637
2124,20.0,Female,9.232916538267318,5.398292973674708,0.7493693966692372,Moderate,4.126340177561258,5.0,Yes,Yes,7.1692887611989615,0,7.169459361876179,A,0.8728982788534476
1088,21.0,Male,8.320151188567097,4.395255984604927,3.3850417485646283,Moderate,3.1602220566222408,3.0,No,Yes,7.2477512180622155,0,7.247786287575717,A,0.9880247685464114
1331,23.0,Male,6.075662310063627,7.098704572544131,3.9412408450077665,Unhealthy,2.635231812059625,1.0,Yes,No,8.406825768721093,0,8.407917955049928,A,0.4646260242233954
1467,19.0,Female,5.036149106190174,,1.1635448849366075,Moderate,4.506461014123427,2.0,Yes,No,6.126008536225887,1,6.126431053762185,A,0.468930207071793
1122,24.0,male,6.8005355603129125,4.828516747992879,3.4016612962387667,Healthy,2.0626827754830894,5.0,Yes,No,6.6360581714918245,0,6.637348554552598,A,0.8772674829572786
2045,25.0,Female,7.2330138996930256,5.740147982275543,1.2897229092769824,Unhealthy,0.800392103472372,2.0,Yes,No,7.786247254720103,0,7.7863890778952225,A,0.894337341362785
2096,18.0,Female,7.1611092570722485,6.158317216028758,1.582599246569851,,2.172692845066934,4.0,No,Yes,7.177075108959348,1,7.178445667480752,A,0.936075486489708
2131,22.0,Male,7.897933334225753,7.161218897006394,2.8184573763300365,Healthy,3.7389929431049325,1.0,No,No,8.951989641798344,0,8.953720169753462,A,0.2547425158952318
1861,27.0,Female,4.899830817518959,5.382623065801638,1.494167795982971,Unhealthy,5.7361910203503665,5.0,No,No,7.333303948693852,1,7.331844720921948,A,0.05174202339100509
2127,26.0,Male,,3.1814475604104113,4.6607389281649425,Unhealthy,3.789602701350617,1.0,,No,7.114385343589847,0,7.114099937851101,A,0.29991629644451234
